-- phpMyAdmin SQL Dump
-- version 5.0.3
-- https://www.phpmyadmin.net/
--
-- Φιλοξενητής: 127.0.0.1
-- Χρόνος δημιουργίας: 04 Φεβ 2022 στις 11:46:53
-- Έκδοση διακομιστή: 10.4.14-MariaDB
-- Έκδοση PHP: 7.2.34

SET SQL_MODE = "NO_AUTO_VALUE_ON_ZERO";
START TRANSACTION;
SET time_zone = "+00:00";


/*!40101 SET @OLD_CHARACTER_SET_CLIENT=@@CHARACTER_SET_CLIENT */;
/*!40101 SET @OLD_CHARACTER_SET_RESULTS=@@CHARACTER_SET_RESULTS */;
/*!40101 SET @OLD_COLLATION_CONNECTION=@@COLLATION_CONNECTION */;
/*!40101 SET NAMES utf8mb4 */;

--
-- Βάση δεδομένων: `covidtracker`
--

-- --------------------------------------------------------

--
-- Δομή πίνακα για τον πίνακα `administrator`
--

CREATE TABLE `administrator` (
  `username` varchar(25) NOT NULL,
  `password` varchar(25) NOT NULL
) ENGINE=InnoDB DEFAULT CHARSET=utf8;

--
-- Άδειασμα δεδομένων του πίνακα `administrator`
--

INSERT INTO `administrator` (`username`, `password`) VALUES
('admin', 'admin');

-- --------------------------------------------------------

--
-- Δομή πίνακα για τον πίνακα `checkin`
--

CREATE TABLE `checkin` (
  `email` varchar(45) NOT NULL,
  `poi_id` varchar(50) NOT NULL,
  `checkin_time` timestamp NOT NULL DEFAULT current_timestamp() ON UPDATE current_timestamp()
) ENGINE=InnoDB DEFAULT CHARSET=utf8;

--
-- Άδειασμα δεδομένων του πίνακα `checkin`
--

INSERT INTO `checkin` (`email`, `poi_id`, `checkin_time`) VALUES
('maria@ceid.gr', 'ChIJaczbf8JJXhMR9QcBFbdskRA', '2022-02-03 07:34:15'),
('maria@ceid.gr', 'ChIJhT1xJuhJXhMRB_dOMAB9G8A', '2022-02-03 07:34:45'),
('maria@ceid.gr', 'ChIJhT1xJuhJXhMRB_dOMAB9G8A', '2022-02-03 07:34:52'),
('sofia@ceid.gr', 'ChIJaczbf8JJXhMR9QcBFbdskRA', '2022-02-03 06:52:35'),
('sofia@ceid.gr', 'ChIJaczbf8JJXhMR9QcBFbdskRA', '2022-02-03 06:53:16'),
('sofia@ceid.gr', 'ChIJaczbf8JJXhMR9QcBFbdskRA', '2022-02-03 06:54:04'),
('sofia@ceid.gr', 'ChIJaczbf8JJXhMR9QcBFbdskRA', '2022-02-03 06:55:12'),
('sofia@ceid.gr', 'ChIJaczbf8JJXhMR9QcBFbdskRA', '2022-02-03 06:55:28'),
('sofia@ceid.gr', 'ChIJaczbf8JJXhMR9QcBFbdskRA', '2022-02-03 06:55:36'),
('sofia@ceid.gr', 'ChIJaczbf8JJXhMR9QcBFbdskRA', '2022-02-03 06:56:23'),
('sofia@ceid.gr', 'ChIJaczbf8JJXhMR9QcBFbdskRA', '2022-02-03 07:34:59'),
('sofia@ceid.gr', 'ChIJHf2oKOhJXhMRU48jxmo1y6s', '2022-02-03 07:35:17'),
('sofia@ceid.gr', 'ChIJhT1xJuhJXhMRB_dOMAB9G8A', '2022-02-03 06:56:50');

-- --------------------------------------------------------

--
-- Δομή πίνακα για τον πίνακα `covid_case`
--

CREATE TABLE `covid_case` (
  `email` varchar(40) NOT NULL,
  `diagnosis_date` date NOT NULL
) ENGINE=InnoDB DEFAULT CHARSET=utf8;

--
-- Άδειασμα δεδομένων του πίνακα `covid_case`
--

INSERT INTO `covid_case` (`email`, `diagnosis_date`) VALUES
('maria@ceid.gr', '2022-01-24'),
('sofia@ceid.gr', '2022-02-03');

-- --------------------------------------------------------

--
-- Δομή πίνακα για τον πίνακα `estimate`
--

CREATE TABLE `estimate` (
  `id` varchar(35) NOT NULL,
  `day` varchar(20) NOT NULL,
  `hour` int(11) NOT NULL,
  `value` int(11) NOT NULL
) ENGINE=InnoDB DEFAULT CHARSET=utf8;

--
-- Άδειασμα δεδομένων του πίνακα `estimate`
--

INSERT INTO `estimate` (`id`, `day`, `hour`, `value`) VALUES
('ChIJaczbf8JJXhMR9QcBFbdskRA', 'Thursday', 8, 50),
('ChIJHf2oKOhJXhMRU48jxmo1y6s', 'Monday', 13, 89);

-- --------------------------------------------------------

--
-- Δομή πίνακα για τον πίνακα `poi`
--

CREATE TABLE `poi` (
  `id` varchar(50) NOT NULL,
  `name` varchar(50) NOT NULL,
  `type` varchar(20) NOT NULL,
  `lat` float(10,8) NOT NULL,
  `lng` float(10,8) NOT NULL
) ENGINE=InnoDB DEFAULT CHARSET=utf8;

--
-- Άδειασμα δεδομένων του πίνακα `poi`
--

INSERT INTO `poi` (`id`, `name`, `type`, `lat`, `lng`) VALUES
('ChIJaczbf8JJXhMR9QcBFbdskRA', 'B.M.G. RENTACAR', 'car_rental', 38.25064850, 21.73728371),
('ChIJFxIYOehJXhMRTnfIBMK7Cjw', 'eCig Hellas Ηλεκτρονικο Τσιγαρο - Πάτρα', 'electronics_store', 38.24966431, 21.73905182),
('ChIJHf2oKOhJXhMRU48jxmo1y6s', 'Zolotas S.A.', 'point_of_interest', 38.25011063, 21.73789215),
('ChIJhT1xJuhJXhMRB_dOMAB9G8A', 'Κατσαρόλα της Τούλας', 'restaurant', 38.24998093, 21.73796082),
('ChIJLWNTMuhJXhMRc0uCYczaWys', 'Bocas', 'bar', 38.25042725, 21.73854065),
('ChIJOeK7WuhJXhMRp1dmjE1OOmo', 'ΑΝΑΣΤΑΣΟΠΟΥΛΟΣ ΙΩΑΝΝΗΣ', 'electronics_store', 38.24964905, 21.73991966),
('ChIJSap7relJXhMRUkopSQsXwuI', 'spelectronics.gr - ΗΛΕΚΤΡΟΝΙΚΑ ΗΛΕΚΤΡΟΛΟΓΙΚΑ ΠΑΤΡΑ', 'electronics_store', 38.25016785, 21.73982430),
('ChIJYW7ZL-hJXhMR9ve2dpMf5Io', 'Ελληνικά Ταχυδρομεία (ΕΛΤΑ)', 'post_office', 38.24980545, 21.73893929);

-- --------------------------------------------------------

--
-- Δομή πίνακα για τον πίνακα `pop`
--

CREATE TABLE `pop` (
  `id` varchar(50) NOT NULL,
  `day` varchar(15) NOT NULL,
  `hour` decimal(10,0) NOT NULL,
  `value` int(11) NOT NULL,
  `updated` datetime NOT NULL
) ENGINE=InnoDB DEFAULT CHARSET=utf8;

--
-- Άδειασμα δεδομένων του πίνακα `pop`
--

INSERT INTO `pop` (`id`, `day`, `hour`, `value`, `updated`) VALUES
('ChIJaczbf8JJXhMR9QcBFbdskRA', 'Friday', '0', 0, '2021-12-20 13:01:25'),
('ChIJaczbf8JJXhMR9QcBFbdskRA', 'Friday', '1', 0, '2021-12-20 13:01:25'),
('ChIJaczbf8JJXhMR9QcBFbdskRA', 'Friday', '2', 0, '2021-12-20 13:01:25'),
('ChIJaczbf8JJXhMR9QcBFbdskRA', 'Friday', '3', 0, '2021-12-20 13:01:25'),
('ChIJaczbf8JJXhMR9QcBFbdskRA', 'Friday', '4', 0, '2021-12-20 13:01:25'),
('ChIJaczbf8JJXhMR9QcBFbdskRA', 'Friday', '5', 0, '2021-12-20 13:01:25'),
('ChIJaczbf8JJXhMR9QcBFbdskRA', 'Friday', '6', 0, '2021-12-20 13:01:25'),
('ChIJaczbf8JJXhMR9QcBFbdskRA', 'Friday', '7', 0, '2021-12-20 13:01:25'),
('ChIJaczbf8JJXhMR9QcBFbdskRA', 'Friday', '8', 0, '2021-12-20 13:01:25'),
('ChIJaczbf8JJXhMR9QcBFbdskRA', 'Friday', '9', 72, '2021-12-20 13:01:25'),
('ChIJaczbf8JJXhMR9QcBFbdskRA', 'Friday', '10', 100, '2021-12-20 13:01:25'),
('ChIJaczbf8JJXhMR9QcBFbdskRA', 'Friday', '11', 75, '2021-12-20 13:01:25'),
('ChIJaczbf8JJXhMR9QcBFbdskRA', 'Friday', '12', 44, '2021-12-20 13:01:25'),
('ChIJaczbf8JJXhMR9QcBFbdskRA', 'Friday', '13', 17, '2021-12-20 13:01:25'),
('ChIJaczbf8JJXhMR9QcBFbdskRA', 'Friday', '14', 0, '2021-12-20 13:01:25'),
('ChIJaczbf8JJXhMR9QcBFbdskRA', 'Friday', '15', 0, '2021-12-20 13:01:25'),
('ChIJaczbf8JJXhMR9QcBFbdskRA', 'Friday', '16', 0, '2021-12-20 13:01:25'),
('ChIJaczbf8JJXhMR9QcBFbdskRA', 'Friday', '17', 0, '2021-12-20 13:01:25'),
('ChIJaczbf8JJXhMR9QcBFbdskRA', 'Friday', '18', 3, '2021-12-20 13:01:25'),
('ChIJaczbf8JJXhMR9QcBFbdskRA', 'Friday', '19', 3, '2021-12-20 13:01:25'),
('ChIJaczbf8JJXhMR9QcBFbdskRA', 'Friday', '20', 0, '2021-12-20 13:01:25'),
('ChIJaczbf8JJXhMR9QcBFbdskRA', 'Friday', '21', 0, '2021-12-20 13:01:25'),
('ChIJaczbf8JJXhMR9QcBFbdskRA', 'Friday', '22', 0, '2021-12-20 13:01:25'),
('ChIJaczbf8JJXhMR9QcBFbdskRA', 'Friday', '23', 0, '2021-12-20 13:01:25'),
('ChIJaczbf8JJXhMR9QcBFbdskRA', 'Monday', '0', 0, '2021-12-20 13:01:25'),
('ChIJaczbf8JJXhMR9QcBFbdskRA', 'Monday', '1', 0, '2021-12-20 13:01:25'),
('ChIJaczbf8JJXhMR9QcBFbdskRA', 'Monday', '2', 0, '2021-12-20 13:01:25'),
('ChIJaczbf8JJXhMR9QcBFbdskRA', 'Monday', '3', 0, '2021-12-20 13:01:25'),
('ChIJaczbf8JJXhMR9QcBFbdskRA', 'Monday', '4', 0, '2021-12-20 13:01:25'),
('ChIJaczbf8JJXhMR9QcBFbdskRA', 'Monday', '5', 0, '2021-12-20 13:01:25'),
('ChIJaczbf8JJXhMR9QcBFbdskRA', 'Monday', '6', 0, '2021-12-20 13:01:25'),
('ChIJaczbf8JJXhMR9QcBFbdskRA', 'Monday', '7', 0, '2021-12-20 13:01:25'),
('ChIJaczbf8JJXhMR9QcBFbdskRA', 'Monday', '8', 0, '2021-12-20 13:01:25'),
('ChIJaczbf8JJXhMR9QcBFbdskRA', 'Monday', '9', 44, '2021-12-20 13:01:25'),
('ChIJaczbf8JJXhMR9QcBFbdskRA', 'Monday', '10', 55, '2021-12-20 13:01:25'),
('ChIJaczbf8JJXhMR9QcBFbdskRA', 'Monday', '11', 51, '2021-12-20 13:01:25'),
('ChIJaczbf8JJXhMR9QcBFbdskRA', 'Monday', '12', 41, '2021-12-20 13:01:25'),
('ChIJaczbf8JJXhMR9QcBFbdskRA', 'Monday', '13', 97, '2022-01-24 01:16:34'),
('ChIJaczbf8JJXhMR9QcBFbdskRA', 'Monday', '14', 0, '2021-12-20 13:01:25'),
('ChIJaczbf8JJXhMR9QcBFbdskRA', 'Monday', '15', 0, '2021-12-20 13:01:25'),
('ChIJaczbf8JJXhMR9QcBFbdskRA', 'Monday', '16', 0, '2021-12-20 13:01:25'),
('ChIJaczbf8JJXhMR9QcBFbdskRA', 'Monday', '17', 0, '2021-12-20 13:01:25'),
('ChIJaczbf8JJXhMR9QcBFbdskRA', 'Monday', '18', 0, '2021-12-20 13:01:25'),
('ChIJaczbf8JJXhMR9QcBFbdskRA', 'Monday', '19', 0, '2021-12-20 13:01:25'),
('ChIJaczbf8JJXhMR9QcBFbdskRA', 'Monday', '20', 0, '2021-12-20 13:01:25'),
('ChIJaczbf8JJXhMR9QcBFbdskRA', 'Monday', '21', 0, '2021-12-20 13:01:25'),
('ChIJaczbf8JJXhMR9QcBFbdskRA', 'Monday', '22', 0, '2021-12-20 13:01:25'),
('ChIJaczbf8JJXhMR9QcBFbdskRA', 'Monday', '23', 0, '2021-12-20 13:01:25'),
('ChIJaczbf8JJXhMR9QcBFbdskRA', 'Saturday', '0', 0, '2021-12-20 13:01:25'),
('ChIJaczbf8JJXhMR9QcBFbdskRA', 'Saturday', '1', 0, '2021-12-20 13:01:25'),
('ChIJaczbf8JJXhMR9QcBFbdskRA', 'Saturday', '2', 0, '2021-12-20 13:01:25'),
('ChIJaczbf8JJXhMR9QcBFbdskRA', 'Saturday', '3', 0, '2021-12-20 13:01:25'),
('ChIJaczbf8JJXhMR9QcBFbdskRA', 'Saturday', '4', 0, '2021-12-20 13:01:25'),
('ChIJaczbf8JJXhMR9QcBFbdskRA', 'Saturday', '5', 0, '2021-12-20 13:01:25'),
('ChIJaczbf8JJXhMR9QcBFbdskRA', 'Saturday', '6', 0, '2021-12-20 13:01:25'),
('ChIJaczbf8JJXhMR9QcBFbdskRA', 'Saturday', '7', 0, '2021-12-20 13:01:25'),
('ChIJaczbf8JJXhMR9QcBFbdskRA', 'Saturday', '8', 0, '2021-12-20 13:01:25'),
('ChIJaczbf8JJXhMR9QcBFbdskRA', 'Saturday', '9', 41, '2021-12-20 13:01:25'),
('ChIJaczbf8JJXhMR9QcBFbdskRA', 'Saturday', '10', 65, '2021-12-20 13:01:25'),
('ChIJaczbf8JJXhMR9QcBFbdskRA', 'Saturday', '11', 51, '2021-12-20 13:01:25'),
('ChIJaczbf8JJXhMR9QcBFbdskRA', 'Saturday', '12', 17, '2021-12-20 13:01:25'),
('ChIJaczbf8JJXhMR9QcBFbdskRA', 'Saturday', '13', 0, '2021-12-20 13:01:25'),
('ChIJaczbf8JJXhMR9QcBFbdskRA', 'Saturday', '14', 0, '2021-12-20 13:01:25'),
('ChIJaczbf8JJXhMR9QcBFbdskRA', 'Saturday', '15', 0, '2021-12-20 13:01:25'),
('ChIJaczbf8JJXhMR9QcBFbdskRA', 'Saturday', '16', 0, '2021-12-20 13:01:25'),
('ChIJaczbf8JJXhMR9QcBFbdskRA', 'Saturday', '17', 0, '2021-12-20 13:01:25'),
('ChIJaczbf8JJXhMR9QcBFbdskRA', 'Saturday', '18', 0, '2021-12-20 13:01:25'),
('ChIJaczbf8JJXhMR9QcBFbdskRA', 'Saturday', '19', 0, '2021-12-20 13:01:25'),
('ChIJaczbf8JJXhMR9QcBFbdskRA', 'Saturday', '20', 0, '2021-12-20 13:01:25'),
('ChIJaczbf8JJXhMR9QcBFbdskRA', 'Saturday', '21', 0, '2021-12-20 13:01:25'),
('ChIJaczbf8JJXhMR9QcBFbdskRA', 'Saturday', '22', 0, '2021-12-20 13:01:25'),
('ChIJaczbf8JJXhMR9QcBFbdskRA', 'Saturday', '23', 0, '2021-12-20 13:01:25'),
('ChIJaczbf8JJXhMR9QcBFbdskRA', 'Sunday', '0', 0, '2021-12-20 13:01:25'),
('ChIJaczbf8JJXhMR9QcBFbdskRA', 'Sunday', '1', 0, '2021-12-20 13:01:25'),
('ChIJaczbf8JJXhMR9QcBFbdskRA', 'Sunday', '2', 0, '2021-12-20 13:01:25'),
('ChIJaczbf8JJXhMR9QcBFbdskRA', 'Sunday', '3', 0, '2021-12-20 13:01:25'),
('ChIJaczbf8JJXhMR9QcBFbdskRA', 'Sunday', '4', 0, '2021-12-20 13:01:25'),
('ChIJaczbf8JJXhMR9QcBFbdskRA', 'Sunday', '5', 0, '2021-12-20 13:01:25'),
('ChIJaczbf8JJXhMR9QcBFbdskRA', 'Sunday', '6', 0, '2021-12-20 13:01:25'),
('ChIJaczbf8JJXhMR9QcBFbdskRA', 'Sunday', '7', 0, '2021-12-20 13:01:25'),
('ChIJaczbf8JJXhMR9QcBFbdskRA', 'Sunday', '8', 0, '2021-12-20 13:01:25'),
('ChIJaczbf8JJXhMR9QcBFbdskRA', 'Sunday', '9', 0, '2021-12-20 13:01:25'),
('ChIJaczbf8JJXhMR9QcBFbdskRA', 'Sunday', '10', 0, '2021-12-20 13:01:25'),
('ChIJaczbf8JJXhMR9QcBFbdskRA', 'Sunday', '11', 0, '2021-12-20 13:01:25'),
('ChIJaczbf8JJXhMR9QcBFbdskRA', 'Sunday', '12', 0, '2021-12-20 13:01:25'),
('ChIJaczbf8JJXhMR9QcBFbdskRA', 'Sunday', '13', 0, '2021-12-20 13:01:25'),
('ChIJaczbf8JJXhMR9QcBFbdskRA', 'Sunday', '14', 0, '2021-12-20 13:01:25'),
('ChIJaczbf8JJXhMR9QcBFbdskRA', 'Sunday', '15', 0, '2021-12-20 13:01:25'),
('ChIJaczbf8JJXhMR9QcBFbdskRA', 'Sunday', '16', 0, '2021-12-20 13:01:25'),
('ChIJaczbf8JJXhMR9QcBFbdskRA', 'Sunday', '17', 0, '2021-12-20 13:01:25'),
('ChIJaczbf8JJXhMR9QcBFbdskRA', 'Sunday', '18', 0, '2021-12-20 13:01:25'),
('ChIJaczbf8JJXhMR9QcBFbdskRA', 'Sunday', '19', 0, '2021-12-20 13:01:25'),
('ChIJaczbf8JJXhMR9QcBFbdskRA', 'Sunday', '20', 0, '2021-12-20 13:01:25'),
('ChIJaczbf8JJXhMR9QcBFbdskRA', 'Sunday', '21', 0, '2021-12-20 13:01:25'),
('ChIJaczbf8JJXhMR9QcBFbdskRA', 'Sunday', '22', 0, '2021-12-20 13:01:25'),
('ChIJaczbf8JJXhMR9QcBFbdskRA', 'Sunday', '23', 0, '2021-12-20 13:01:25'),
('ChIJaczbf8JJXhMR9QcBFbdskRA', 'Thursday', '0', 0, '2021-12-20 13:01:25'),
('ChIJaczbf8JJXhMR9QcBFbdskRA', 'Thursday', '1', 0, '2021-12-20 13:01:25'),
('ChIJaczbf8JJXhMR9QcBFbdskRA', 'Thursday', '2', 0, '2021-12-20 13:01:25'),
('ChIJaczbf8JJXhMR9QcBFbdskRA', 'Thursday', '3', 0, '2021-12-20 13:01:25'),
('ChIJaczbf8JJXhMR9QcBFbdskRA', 'Thursday', '4', 0, '2021-12-20 13:01:25'),
('ChIJaczbf8JJXhMR9QcBFbdskRA', 'Thursday', '5', 0, '2021-12-20 13:01:25'),
('ChIJaczbf8JJXhMR9QcBFbdskRA', 'Thursday', '6', 0, '2021-12-20 13:01:25'),
('ChIJaczbf8JJXhMR9QcBFbdskRA', 'Thursday', '7', 0, '2021-12-20 13:01:25'),
('ChIJaczbf8JJXhMR9QcBFbdskRA', 'Thursday', '8', 0, '2021-12-20 13:01:25'),
('ChIJaczbf8JJXhMR9QcBFbdskRA', 'Thursday', '9', 55, '2021-12-20 13:01:25'),
('ChIJaczbf8JJXhMR9QcBFbdskRA', 'Thursday', '10', 72, '2021-12-20 13:01:25'),
('ChIJaczbf8JJXhMR9QcBFbdskRA', 'Thursday', '11', 55, '2021-12-20 13:01:25'),
('ChIJaczbf8JJXhMR9QcBFbdskRA', 'Thursday', '12', 27, '2021-12-20 13:01:25'),
('ChIJaczbf8JJXhMR9QcBFbdskRA', 'Thursday', '13', 6, '2021-12-20 13:01:25'),
('ChIJaczbf8JJXhMR9QcBFbdskRA', 'Thursday', '14', 0, '2021-12-20 13:01:25'),
('ChIJaczbf8JJXhMR9QcBFbdskRA', 'Thursday', '15', 0, '2021-12-20 13:01:25'),
('ChIJaczbf8JJXhMR9QcBFbdskRA', 'Thursday', '16', 0, '2021-12-20 13:01:25'),
('ChIJaczbf8JJXhMR9QcBFbdskRA', 'Thursday', '17', 6, '2021-12-20 13:01:25'),
('ChIJaczbf8JJXhMR9QcBFbdskRA', 'Thursday', '18', 13, '2021-12-20 13:01:25'),
('ChIJaczbf8JJXhMR9QcBFbdskRA', 'Thursday', '19', 13, '2021-12-20 13:01:25'),
('ChIJaczbf8JJXhMR9QcBFbdskRA', 'Thursday', '20', 0, '2021-12-20 13:01:25'),
('ChIJaczbf8JJXhMR9QcBFbdskRA', 'Thursday', '21', 0, '2021-12-20 13:01:25'),
('ChIJaczbf8JJXhMR9QcBFbdskRA', 'Thursday', '22', 0, '2021-12-20 13:01:25'),
('ChIJaczbf8JJXhMR9QcBFbdskRA', 'Thursday', '23', 0, '2021-12-20 13:01:25'),
('ChIJaczbf8JJXhMR9QcBFbdskRA', 'Tuesday', '0', 0, '2021-12-20 13:01:25'),
('ChIJaczbf8JJXhMR9QcBFbdskRA', 'Tuesday', '1', 0, '2021-12-20 13:01:25'),
('ChIJaczbf8JJXhMR9QcBFbdskRA', 'Tuesday', '2', 0, '2021-12-20 13:01:25'),
('ChIJaczbf8JJXhMR9QcBFbdskRA', 'Tuesday', '3', 0, '2021-12-20 13:01:25'),
('ChIJaczbf8JJXhMR9QcBFbdskRA', 'Tuesday', '4', 0, '2021-12-20 13:01:25'),
('ChIJaczbf8JJXhMR9QcBFbdskRA', 'Tuesday', '5', 0, '2021-12-20 13:01:25'),
('ChIJaczbf8JJXhMR9QcBFbdskRA', 'Tuesday', '6', 0, '2021-12-20 13:01:25'),
('ChIJaczbf8JJXhMR9QcBFbdskRA', 'Tuesday', '7', 0, '2021-12-20 13:01:25'),
('ChIJaczbf8JJXhMR9QcBFbdskRA', 'Tuesday', '8', 0, '2021-12-20 13:01:25'),
('ChIJaczbf8JJXhMR9QcBFbdskRA', 'Tuesday', '9', 48, '2021-12-20 13:01:25'),
('ChIJaczbf8JJXhMR9QcBFbdskRA', 'Tuesday', '10', 62, '2021-12-20 13:01:25'),
('ChIJaczbf8JJXhMR9QcBFbdskRA', 'Tuesday', '11', 51, '2021-12-20 13:01:25'),
('ChIJaczbf8JJXhMR9QcBFbdskRA', 'Tuesday', '12', 27, '2021-12-20 13:01:25'),
('ChIJaczbf8JJXhMR9QcBFbdskRA', 'Tuesday', '13', 10, '2021-12-20 13:01:25'),
('ChIJaczbf8JJXhMR9QcBFbdskRA', 'Tuesday', '14', 0, '2021-12-20 13:01:25'),
('ChIJaczbf8JJXhMR9QcBFbdskRA', 'Tuesday', '15', 0, '2021-12-20 13:01:25'),
('ChIJaczbf8JJXhMR9QcBFbdskRA', 'Tuesday', '16', 0, '2021-12-20 13:01:25'),
('ChIJaczbf8JJXhMR9QcBFbdskRA', 'Tuesday', '17', 3, '2021-12-20 13:01:25'),
('ChIJaczbf8JJXhMR9QcBFbdskRA', 'Tuesday', '18', 10, '2021-12-20 13:01:25'),
('ChIJaczbf8JJXhMR9QcBFbdskRA', 'Tuesday', '19', 0, '2021-12-20 13:01:25'),
('ChIJaczbf8JJXhMR9QcBFbdskRA', 'Tuesday', '20', 0, '2021-12-20 13:01:25'),
('ChIJaczbf8JJXhMR9QcBFbdskRA', 'Tuesday', '21', 0, '2021-12-20 13:01:25'),
('ChIJaczbf8JJXhMR9QcBFbdskRA', 'Tuesday', '22', 0, '2021-12-20 13:01:25'),
('ChIJaczbf8JJXhMR9QcBFbdskRA', 'Tuesday', '23', 0, '2021-12-20 13:01:25'),
('ChIJaczbf8JJXhMR9QcBFbdskRA', 'Wednesday', '0', 0, '2021-12-20 13:01:25'),
('ChIJaczbf8JJXhMR9QcBFbdskRA', 'Wednesday', '1', 0, '2021-12-20 13:01:25'),
('ChIJaczbf8JJXhMR9QcBFbdskRA', 'Wednesday', '2', 0, '2021-12-20 13:01:25'),
('ChIJaczbf8JJXhMR9QcBFbdskRA', 'Wednesday', '3', 0, '2021-12-20 13:01:25'),
('ChIJaczbf8JJXhMR9QcBFbdskRA', 'Wednesday', '4', 0, '2021-12-20 13:01:25'),
('ChIJaczbf8JJXhMR9QcBFbdskRA', 'Wednesday', '5', 0, '2021-12-20 13:01:25'),
('ChIJaczbf8JJXhMR9QcBFbdskRA', 'Wednesday', '6', 0, '2021-12-20 13:01:25'),
('ChIJaczbf8JJXhMR9QcBFbdskRA', 'Wednesday', '7', 0, '2021-12-20 13:01:25'),
('ChIJaczbf8JJXhMR9QcBFbdskRA', 'Wednesday', '8', 0, '2021-12-20 13:01:25'),
('ChIJaczbf8JJXhMR9QcBFbdskRA', 'Wednesday', '9', 58, '2021-12-20 13:01:25'),
('ChIJaczbf8JJXhMR9QcBFbdskRA', 'Wednesday', '10', 72, '2021-12-20 13:01:25'),
('ChIJaczbf8JJXhMR9QcBFbdskRA', 'Wednesday', '11', 55, '2021-12-20 13:01:25'),
('ChIJaczbf8JJXhMR9QcBFbdskRA', 'Wednesday', '12', 24, '2021-12-20 13:01:25'),
('ChIJaczbf8JJXhMR9QcBFbdskRA', 'Wednesday', '13', 0, '2021-12-20 13:01:25'),
('ChIJaczbf8JJXhMR9QcBFbdskRA', 'Wednesday', '14', 0, '2021-12-20 13:01:25'),
('ChIJaczbf8JJXhMR9QcBFbdskRA', 'Wednesday', '15', 0, '2021-12-20 13:01:25'),
('ChIJaczbf8JJXhMR9QcBFbdskRA', 'Wednesday', '16', 0, '2021-12-20 13:01:25'),
('ChIJaczbf8JJXhMR9QcBFbdskRA', 'Wednesday', '17', 0, '2021-12-20 13:01:25'),
('ChIJaczbf8JJXhMR9QcBFbdskRA', 'Wednesday', '18', 3, '2021-12-20 13:01:25'),
('ChIJaczbf8JJXhMR9QcBFbdskRA', 'Wednesday', '19', 10, '2021-12-20 13:01:25'),
('ChIJaczbf8JJXhMR9QcBFbdskRA', 'Wednesday', '20', 0, '2021-12-20 13:01:25'),
('ChIJaczbf8JJXhMR9QcBFbdskRA', 'Wednesday', '21', 0, '2021-12-20 13:01:25'),
('ChIJaczbf8JJXhMR9QcBFbdskRA', 'Wednesday', '22', 0, '2021-12-20 13:01:25'),
('ChIJaczbf8JJXhMR9QcBFbdskRA', 'Wednesday', '23', 0, '2021-12-20 13:01:25'),
('ChIJFxIYOehJXhMRTnfIBMK7Cjw', 'Friday', '0', 0, '2021-12-20 13:01:25'),
('ChIJFxIYOehJXhMRTnfIBMK7Cjw', 'Friday', '1', 0, '2021-12-20 13:01:25'),
('ChIJFxIYOehJXhMRTnfIBMK7Cjw', 'Friday', '2', 0, '2021-12-20 13:01:25'),
('ChIJFxIYOehJXhMRTnfIBMK7Cjw', 'Friday', '3', 0, '2021-12-20 13:01:25'),
('ChIJFxIYOehJXhMRTnfIBMK7Cjw', 'Friday', '4', 0, '2021-12-20 13:01:25'),
('ChIJFxIYOehJXhMRTnfIBMK7Cjw', 'Friday', '5', 0, '2021-12-20 13:01:25'),
('ChIJFxIYOehJXhMRTnfIBMK7Cjw', 'Friday', '6', 0, '2021-12-20 13:01:25'),
('ChIJFxIYOehJXhMRTnfIBMK7Cjw', 'Friday', '7', 0, '2021-12-20 13:01:25'),
('ChIJFxIYOehJXhMRTnfIBMK7Cjw', 'Friday', '8', 0, '2021-12-20 13:01:25'),
('ChIJFxIYOehJXhMRTnfIBMK7Cjw', 'Friday', '9', 42, '2021-12-20 13:01:25'),
('ChIJFxIYOehJXhMRTnfIBMK7Cjw', 'Friday', '10', 68, '2021-12-20 13:01:25'),
('ChIJFxIYOehJXhMRTnfIBMK7Cjw', 'Friday', '11', 78, '2021-12-20 13:01:25'),
('ChIJFxIYOehJXhMRTnfIBMK7Cjw', 'Friday', '12', 66, '2021-12-20 13:01:25'),
('ChIJFxIYOehJXhMRTnfIBMK7Cjw', 'Friday', '13', 42, '2021-12-20 13:01:25'),
('ChIJFxIYOehJXhMRTnfIBMK7Cjw', 'Friday', '14', 19, '2021-12-20 13:01:25'),
('ChIJFxIYOehJXhMRTnfIBMK7Cjw', 'Friday', '15', 8, '2021-12-20 13:01:25'),
('ChIJFxIYOehJXhMRTnfIBMK7Cjw', 'Friday', '16', 14, '2021-12-20 13:01:25'),
('ChIJFxIYOehJXhMRTnfIBMK7Cjw', 'Friday', '17', 42, '2021-12-20 13:01:25'),
('ChIJFxIYOehJXhMRTnfIBMK7Cjw', 'Friday', '18', 71, '2021-12-20 13:01:25'),
('ChIJFxIYOehJXhMRTnfIBMK7Cjw', 'Friday', '19', 64, '2021-12-20 13:01:25'),
('ChIJFxIYOehJXhMRTnfIBMK7Cjw', 'Friday', '20', 33, '2021-12-20 13:01:25'),
('ChIJFxIYOehJXhMRTnfIBMK7Cjw', 'Friday', '21', 0, '2021-12-20 13:01:25'),
('ChIJFxIYOehJXhMRTnfIBMK7Cjw', 'Friday', '22', 0, '2021-12-20 13:01:25'),
('ChIJFxIYOehJXhMRTnfIBMK7Cjw', 'Friday', '23', 0, '2021-12-20 13:01:25'),
('ChIJFxIYOehJXhMRTnfIBMK7Cjw', 'Monday', '0', 0, '2021-12-20 13:01:25'),
('ChIJFxIYOehJXhMRTnfIBMK7Cjw', 'Monday', '1', 0, '2021-12-20 13:01:25'),
('ChIJFxIYOehJXhMRTnfIBMK7Cjw', 'Monday', '2', 0, '2021-12-20 13:01:25'),
('ChIJFxIYOehJXhMRTnfIBMK7Cjw', 'Monday', '3', 0, '2021-12-20 13:01:25'),
('ChIJFxIYOehJXhMRTnfIBMK7Cjw', 'Monday', '4', 0, '2021-12-20 13:01:25'),
('ChIJFxIYOehJXhMRTnfIBMK7Cjw', 'Monday', '5', 0, '2021-12-20 13:01:25'),
('ChIJFxIYOehJXhMRTnfIBMK7Cjw', 'Monday', '6', 0, '2021-12-20 13:01:25'),
('ChIJFxIYOehJXhMRTnfIBMK7Cjw', 'Monday', '7', 0, '2021-12-20 13:01:25'),
('ChIJFxIYOehJXhMRTnfIBMK7Cjw', 'Monday', '8', 0, '2021-12-20 13:01:25'),
('ChIJFxIYOehJXhMRTnfIBMK7Cjw', 'Monday', '9', 49, '2021-12-20 13:01:25'),
('ChIJFxIYOehJXhMRTnfIBMK7Cjw', 'Monday', '10', 80, '2021-12-20 13:01:25'),
('ChIJFxIYOehJXhMRTnfIBMK7Cjw', 'Monday', '11', 100, '2021-12-20 13:01:25'),
('ChIJFxIYOehJXhMRTnfIBMK7Cjw', 'Monday', '12', 92, '2021-12-20 13:01:25'),
('ChIJFxIYOehJXhMRTnfIBMK7Cjw', 'Monday', '13', 63, '2021-12-20 13:01:25'),
('ChIJFxIYOehJXhMRTnfIBMK7Cjw', 'Monday', '14', 33, '2021-12-20 13:01:25'),
('ChIJFxIYOehJXhMRTnfIBMK7Cjw', 'Monday', '15', 0, '2021-12-20 13:01:25'),
('ChIJFxIYOehJXhMRTnfIBMK7Cjw', 'Monday', '16', 0, '2021-12-20 13:01:25'),
('ChIJFxIYOehJXhMRTnfIBMK7Cjw', 'Monday', '17', 0, '2021-12-20 13:01:25'),
('ChIJFxIYOehJXhMRTnfIBMK7Cjw', 'Monday', '18', 0, '2021-12-20 13:01:25'),
('ChIJFxIYOehJXhMRTnfIBMK7Cjw', 'Monday', '19', 0, '2021-12-20 13:01:25'),
('ChIJFxIYOehJXhMRTnfIBMK7Cjw', 'Monday', '20', 0, '2021-12-20 13:01:25'),
('ChIJFxIYOehJXhMRTnfIBMK7Cjw', 'Monday', '21', 0, '2021-12-20 13:01:25'),
('ChIJFxIYOehJXhMRTnfIBMK7Cjw', 'Monday', '22', 0, '2021-12-20 13:01:25'),
('ChIJFxIYOehJXhMRTnfIBMK7Cjw', 'Monday', '23', 0, '2021-12-20 13:01:25'),
('ChIJFxIYOehJXhMRTnfIBMK7Cjw', 'Saturday', '0', 0, '2021-12-20 13:01:25'),
('ChIJFxIYOehJXhMRTnfIBMK7Cjw', 'Saturday', '1', 0, '2021-12-20 13:01:25'),
('ChIJFxIYOehJXhMRTnfIBMK7Cjw', 'Saturday', '2', 0, '2021-12-20 13:01:25'),
('ChIJFxIYOehJXhMRTnfIBMK7Cjw', 'Saturday', '3', 0, '2021-12-20 13:01:25'),
('ChIJFxIYOehJXhMRTnfIBMK7Cjw', 'Saturday', '4', 0, '2021-12-20 13:01:25'),
('ChIJFxIYOehJXhMRTnfIBMK7Cjw', 'Saturday', '5', 0, '2021-12-20 13:01:25'),
('ChIJFxIYOehJXhMRTnfIBMK7Cjw', 'Saturday', '6', 0, '2021-12-20 13:01:25'),
('ChIJFxIYOehJXhMRTnfIBMK7Cjw', 'Saturday', '7', 0, '2021-12-20 13:01:25'),
('ChIJFxIYOehJXhMRTnfIBMK7Cjw', 'Saturday', '8', 0, '2021-12-20 13:01:25'),
('ChIJFxIYOehJXhMRTnfIBMK7Cjw', 'Saturday', '9', 7, '2021-12-20 13:01:25'),
('ChIJFxIYOehJXhMRTnfIBMK7Cjw', 'Saturday', '10', 22, '2021-12-20 13:01:25'),
('ChIJFxIYOehJXhMRTnfIBMK7Cjw', 'Saturday', '11', 49, '2021-12-20 13:01:25'),
('ChIJFxIYOehJXhMRTnfIBMK7Cjw', 'Saturday', '12', 68, '2021-12-20 13:01:25'),
('ChIJFxIYOehJXhMRTnfIBMK7Cjw', 'Saturday', '13', 61, '2021-12-20 13:01:25'),
('ChIJFxIYOehJXhMRTnfIBMK7Cjw', 'Saturday', '14', 36, '2021-12-20 13:01:25'),
('ChIJFxIYOehJXhMRTnfIBMK7Cjw', 'Saturday', '15', 0, '2021-12-20 13:01:25'),
('ChIJFxIYOehJXhMRTnfIBMK7Cjw', 'Saturday', '16', 0, '2021-12-20 13:01:25'),
('ChIJFxIYOehJXhMRTnfIBMK7Cjw', 'Saturday', '17', 0, '2021-12-20 13:01:25'),
('ChIJFxIYOehJXhMRTnfIBMK7Cjw', 'Saturday', '18', 0, '2021-12-20 13:01:25'),
('ChIJFxIYOehJXhMRTnfIBMK7Cjw', 'Saturday', '19', 0, '2021-12-20 13:01:25'),
('ChIJFxIYOehJXhMRTnfIBMK7Cjw', 'Saturday', '20', 0, '2021-12-20 13:01:25'),
('ChIJFxIYOehJXhMRTnfIBMK7Cjw', 'Saturday', '21', 0, '2021-12-20 13:01:25'),
('ChIJFxIYOehJXhMRTnfIBMK7Cjw', 'Saturday', '22', 0, '2021-12-20 13:01:25'),
('ChIJFxIYOehJXhMRTnfIBMK7Cjw', 'Saturday', '23', 0, '2021-12-20 13:01:25'),
('ChIJFxIYOehJXhMRTnfIBMK7Cjw', 'Sunday', '0', 0, '2021-12-20 13:01:25'),
('ChIJFxIYOehJXhMRTnfIBMK7Cjw', 'Sunday', '1', 0, '2021-12-20 13:01:25'),
('ChIJFxIYOehJXhMRTnfIBMK7Cjw', 'Sunday', '2', 0, '2021-12-20 13:01:25'),
('ChIJFxIYOehJXhMRTnfIBMK7Cjw', 'Sunday', '3', 0, '2021-12-20 13:01:25'),
('ChIJFxIYOehJXhMRTnfIBMK7Cjw', 'Sunday', '4', 0, '2021-12-20 13:01:25'),
('ChIJFxIYOehJXhMRTnfIBMK7Cjw', 'Sunday', '5', 0, '2021-12-20 13:01:25'),
('ChIJFxIYOehJXhMRTnfIBMK7Cjw', 'Sunday', '6', 0, '2021-12-20 13:01:25'),
('ChIJFxIYOehJXhMRTnfIBMK7Cjw', 'Sunday', '7', 0, '2021-12-20 13:01:25'),
('ChIJFxIYOehJXhMRTnfIBMK7Cjw', 'Sunday', '8', 0, '2021-12-20 13:01:25'),
('ChIJFxIYOehJXhMRTnfIBMK7Cjw', 'Sunday', '9', 0, '2021-12-20 13:01:25'),
('ChIJFxIYOehJXhMRTnfIBMK7Cjw', 'Sunday', '10', 0, '2021-12-20 13:01:25'),
('ChIJFxIYOehJXhMRTnfIBMK7Cjw', 'Sunday', '11', 0, '2021-12-20 13:01:25'),
('ChIJFxIYOehJXhMRTnfIBMK7Cjw', 'Sunday', '12', 0, '2021-12-20 13:01:25'),
('ChIJFxIYOehJXhMRTnfIBMK7Cjw', 'Sunday', '13', 0, '2021-12-20 13:01:25'),
('ChIJFxIYOehJXhMRTnfIBMK7Cjw', 'Sunday', '14', 0, '2021-12-20 13:01:25'),
('ChIJFxIYOehJXhMRTnfIBMK7Cjw', 'Sunday', '15', 0, '2021-12-20 13:01:25'),
('ChIJFxIYOehJXhMRTnfIBMK7Cjw', 'Sunday', '16', 0, '2021-12-20 13:01:25'),
('ChIJFxIYOehJXhMRTnfIBMK7Cjw', 'Sunday', '17', 0, '2021-12-20 13:01:25'),
('ChIJFxIYOehJXhMRTnfIBMK7Cjw', 'Sunday', '18', 0, '2021-12-20 13:01:25'),
('ChIJFxIYOehJXhMRTnfIBMK7Cjw', 'Sunday', '19', 0, '2021-12-20 13:01:25'),
('ChIJFxIYOehJXhMRTnfIBMK7Cjw', 'Sunday', '20', 0, '2021-12-20 13:01:25'),
('ChIJFxIYOehJXhMRTnfIBMK7Cjw', 'Sunday', '21', 0, '2021-12-20 13:01:25'),
('ChIJFxIYOehJXhMRTnfIBMK7Cjw', 'Sunday', '22', 0, '2021-12-20 13:01:25'),
('ChIJFxIYOehJXhMRTnfIBMK7Cjw', 'Sunday', '23', 0, '2021-12-20 13:01:25'),
('ChIJFxIYOehJXhMRTnfIBMK7Cjw', 'Thursday', '0', 0, '2021-12-20 13:01:25'),
('ChIJFxIYOehJXhMRTnfIBMK7Cjw', 'Thursday', '1', 0, '2021-12-20 13:01:25'),
('ChIJFxIYOehJXhMRTnfIBMK7Cjw', 'Thursday', '2', 0, '2021-12-20 13:01:25'),
('ChIJFxIYOehJXhMRTnfIBMK7Cjw', 'Thursday', '3', 0, '2021-12-20 13:01:25'),
('ChIJFxIYOehJXhMRTnfIBMK7Cjw', 'Thursday', '4', 0, '2021-12-20 13:01:25'),
('ChIJFxIYOehJXhMRTnfIBMK7Cjw', 'Thursday', '5', 0, '2021-12-20 13:01:25'),
('ChIJFxIYOehJXhMRTnfIBMK7Cjw', 'Thursday', '6', 0, '2021-12-20 13:01:25'),
('ChIJFxIYOehJXhMRTnfIBMK7Cjw', 'Thursday', '7', 0, '2021-12-20 13:01:25'),
('ChIJFxIYOehJXhMRTnfIBMK7Cjw', 'Thursday', '8', 0, '2021-12-20 13:01:25'),
('ChIJFxIYOehJXhMRTnfIBMK7Cjw', 'Thursday', '9', 35, '2021-12-20 13:01:25'),
('ChIJFxIYOehJXhMRTnfIBMK7Cjw', 'Thursday', '10', 54, '2021-12-20 13:01:25'),
('ChIJFxIYOehJXhMRTnfIBMK7Cjw', 'Thursday', '11', 66, '2021-12-20 13:01:25'),
('ChIJFxIYOehJXhMRTnfIBMK7Cjw', 'Thursday', '12', 64, '2021-12-20 13:01:25'),
('ChIJFxIYOehJXhMRTnfIBMK7Cjw', 'Thursday', '13', 49, '2021-12-20 13:01:25'),
('ChIJFxIYOehJXhMRTnfIBMK7Cjw', 'Thursday', '14', 29, '2021-12-20 13:01:25'),
('ChIJFxIYOehJXhMRTnfIBMK7Cjw', 'Thursday', '15', 14, '2021-12-20 13:01:25'),
('ChIJFxIYOehJXhMRTnfIBMK7Cjw', 'Thursday', '16', 8, '2021-12-20 13:01:25'),
('ChIJFxIYOehJXhMRTnfIBMK7Cjw', 'Thursday', '17', 21, '2021-12-20 13:01:25'),
('ChIJFxIYOehJXhMRTnfIBMK7Cjw', 'Thursday', '18', 56, '2021-12-20 13:01:25'),
('ChIJFxIYOehJXhMRTnfIBMK7Cjw', 'Thursday', '19', 64, '2021-12-20 13:01:25'),
('ChIJFxIYOehJXhMRTnfIBMK7Cjw', 'Thursday', '20', 31, '2021-12-20 13:01:25'),
('ChIJFxIYOehJXhMRTnfIBMK7Cjw', 'Thursday', '21', 0, '2021-12-20 13:01:25'),
('ChIJFxIYOehJXhMRTnfIBMK7Cjw', 'Thursday', '22', 0, '2021-12-20 13:01:25'),
('ChIJFxIYOehJXhMRTnfIBMK7Cjw', 'Thursday', '23', 0, '2021-12-20 13:01:25'),
('ChIJFxIYOehJXhMRTnfIBMK7Cjw', 'Tuesday', '0', 0, '2021-12-20 13:01:25'),
('ChIJFxIYOehJXhMRTnfIBMK7Cjw', 'Tuesday', '1', 0, '2021-12-20 13:01:25'),
('ChIJFxIYOehJXhMRTnfIBMK7Cjw', 'Tuesday', '2', 0, '2021-12-20 13:01:25'),
('ChIJFxIYOehJXhMRTnfIBMK7Cjw', 'Tuesday', '3', 0, '2021-12-20 13:01:25'),
('ChIJFxIYOehJXhMRTnfIBMK7Cjw', 'Tuesday', '4', 0, '2021-12-20 13:01:25'),
('ChIJFxIYOehJXhMRTnfIBMK7Cjw', 'Tuesday', '5', 0, '2021-12-20 13:01:25'),
('ChIJFxIYOehJXhMRTnfIBMK7Cjw', 'Tuesday', '6', 0, '2021-12-20 13:01:25'),
('ChIJFxIYOehJXhMRTnfIBMK7Cjw', 'Tuesday', '7', 0, '2021-12-20 13:01:25'),
('ChIJFxIYOehJXhMRTnfIBMK7Cjw', 'Tuesday', '8', 0, '2021-12-20 13:01:25'),
('ChIJFxIYOehJXhMRTnfIBMK7Cjw', 'Tuesday', '9', 31, '2021-12-20 13:01:25'),
('ChIJFxIYOehJXhMRTnfIBMK7Cjw', 'Tuesday', '10', 49, '2021-12-20 13:01:25'),
('ChIJFxIYOehJXhMRTnfIBMK7Cjw', 'Tuesday', '11', 59, '2021-12-20 13:01:25'),
('ChIJFxIYOehJXhMRTnfIBMK7Cjw', 'Tuesday', '12', 56, '2021-12-20 13:01:25'),
('ChIJFxIYOehJXhMRTnfIBMK7Cjw', 'Tuesday', '13', 40, '2021-12-20 13:01:25'),
('ChIJFxIYOehJXhMRTnfIBMK7Cjw', 'Tuesday', '14', 22, '2021-12-20 13:01:25'),
('ChIJFxIYOehJXhMRTnfIBMK7Cjw', 'Tuesday', '15', 12, '2021-12-20 13:01:25'),
('ChIJFxIYOehJXhMRTnfIBMK7Cjw', 'Tuesday', '16', 14, '2021-12-20 13:01:25'),
('ChIJFxIYOehJXhMRTnfIBMK7Cjw', 'Tuesday', '17', 31, '2021-12-20 13:01:25'),
('ChIJFxIYOehJXhMRTnfIBMK7Cjw', 'Tuesday', '18', 52, '2021-12-20 13:01:25'),
('ChIJFxIYOehJXhMRTnfIBMK7Cjw', 'Tuesday', '19', 56, '2021-12-20 13:01:25'),
('ChIJFxIYOehJXhMRTnfIBMK7Cjw', 'Tuesday', '20', 36, '2021-12-20 13:01:25'),
('ChIJFxIYOehJXhMRTnfIBMK7Cjw', 'Tuesday', '21', 0, '2021-12-20 13:01:25'),
('ChIJFxIYOehJXhMRTnfIBMK7Cjw', 'Tuesday', '22', 0, '2021-12-20 13:01:25'),
('ChIJFxIYOehJXhMRTnfIBMK7Cjw', 'Tuesday', '23', 0, '2021-12-20 13:01:25'),
('ChIJFxIYOehJXhMRTnfIBMK7Cjw', 'Wednesday', '0', 0, '2021-12-20 13:01:25'),
('ChIJFxIYOehJXhMRTnfIBMK7Cjw', 'Wednesday', '1', 0, '2021-12-20 13:01:25'),
('ChIJFxIYOehJXhMRTnfIBMK7Cjw', 'Wednesday', '2', 0, '2021-12-20 13:01:25'),
('ChIJFxIYOehJXhMRTnfIBMK7Cjw', 'Wednesday', '3', 0, '2021-12-20 13:01:25'),
('ChIJFxIYOehJXhMRTnfIBMK7Cjw', 'Wednesday', '4', 0, '2021-12-20 13:01:25'),
('ChIJFxIYOehJXhMRTnfIBMK7Cjw', 'Wednesday', '5', 0, '2021-12-20 13:01:25'),
('ChIJFxIYOehJXhMRTnfIBMK7Cjw', 'Wednesday', '6', 0, '2021-12-20 13:01:25'),
('ChIJFxIYOehJXhMRTnfIBMK7Cjw', 'Wednesday', '7', 0, '2021-12-20 13:01:25'),
('ChIJFxIYOehJXhMRTnfIBMK7Cjw', 'Wednesday', '8', 0, '2021-12-20 13:01:25'),
('ChIJFxIYOehJXhMRTnfIBMK7Cjw', 'Wednesday', '9', 12, '2021-12-20 13:01:25'),
('ChIJFxIYOehJXhMRTnfIBMK7Cjw', 'Wednesday', '10', 31, '2021-12-20 13:01:25'),
('ChIJFxIYOehJXhMRTnfIBMK7Cjw', 'Wednesday', '11', 50, '2021-12-20 13:01:25'),
('ChIJFxIYOehJXhMRTnfIBMK7Cjw', 'Wednesday', '12', 49, '2021-12-20 13:01:25'),
('ChIJFxIYOehJXhMRTnfIBMK7Cjw', 'Wednesday', '13', 28, '2021-12-20 13:01:25'),
('ChIJFxIYOehJXhMRTnfIBMK7Cjw', 'Wednesday', '14', 10, '2021-12-20 13:01:25'),
('ChIJFxIYOehJXhMRTnfIBMK7Cjw', 'Wednesday', '15', 0, '2021-12-20 13:01:25'),
('ChIJFxIYOehJXhMRTnfIBMK7Cjw', 'Wednesday', '16', 0, '2021-12-20 13:01:25'),
('ChIJFxIYOehJXhMRTnfIBMK7Cjw', 'Wednesday', '17', 0, '2021-12-20 13:01:25'),
('ChIJFxIYOehJXhMRTnfIBMK7Cjw', 'Wednesday', '18', 0, '2021-12-20 13:01:25'),
('ChIJFxIYOehJXhMRTnfIBMK7Cjw', 'Wednesday', '19', 0, '2021-12-20 13:01:25'),
('ChIJFxIYOehJXhMRTnfIBMK7Cjw', 'Wednesday', '20', 0, '2021-12-20 13:01:25'),
('ChIJFxIYOehJXhMRTnfIBMK7Cjw', 'Wednesday', '21', 0, '2021-12-20 13:01:25'),
('ChIJFxIYOehJXhMRTnfIBMK7Cjw', 'Wednesday', '22', 0, '2021-12-20 13:01:25'),
('ChIJFxIYOehJXhMRTnfIBMK7Cjw', 'Wednesday', '23', 0, '2021-12-20 13:01:25'),
('ChIJHf2oKOhJXhMRU48jxmo1y6s', 'Friday', '0', 0, '2021-12-20 13:01:25'),
('ChIJHf2oKOhJXhMRU48jxmo1y6s', 'Friday', '1', 0, '2021-12-20 13:01:25'),
('ChIJHf2oKOhJXhMRU48jxmo1y6s', 'Friday', '2', 0, '2021-12-20 13:01:25'),
('ChIJHf2oKOhJXhMRU48jxmo1y6s', 'Friday', '3', 0, '2021-12-20 13:01:25'),
('ChIJHf2oKOhJXhMRU48jxmo1y6s', 'Friday', '4', 0, '2021-12-20 13:01:25'),
('ChIJHf2oKOhJXhMRU48jxmo1y6s', 'Friday', '5', 0, '2021-12-20 13:01:25'),
('ChIJHf2oKOhJXhMRU48jxmo1y6s', 'Friday', '6', 0, '2021-12-20 13:01:25'),
('ChIJHf2oKOhJXhMRU48jxmo1y6s', 'Friday', '7', 0, '2021-12-20 13:01:25'),
('ChIJHf2oKOhJXhMRU48jxmo1y6s', 'Friday', '8', 0, '2021-12-20 13:01:25'),
('ChIJHf2oKOhJXhMRU48jxmo1y6s', 'Friday', '9', 52, '2021-12-20 13:01:25'),
('ChIJHf2oKOhJXhMRU48jxmo1y6s', 'Friday', '10', 82, '2021-12-20 13:01:25'),
('ChIJHf2oKOhJXhMRU48jxmo1y6s', 'Friday', '11', 90, '2021-12-20 13:01:25'),
('ChIJHf2oKOhJXhMRU48jxmo1y6s', 'Friday', '12', 100, '2021-12-20 13:01:25'),
('ChIJHf2oKOhJXhMRU48jxmo1y6s', 'Friday', '13', 44, '2021-12-20 13:01:25'),
('ChIJHf2oKOhJXhMRU48jxmo1y6s', 'Friday', '14', 0, '2021-12-20 13:01:25'),
('ChIJHf2oKOhJXhMRU48jxmo1y6s', 'Friday', '15', 0, '2021-12-20 13:01:25'),
('ChIJHf2oKOhJXhMRU48jxmo1y6s', 'Friday', '16', 0, '2021-12-20 13:01:25'),
('ChIJHf2oKOhJXhMRU48jxmo1y6s', 'Friday', '17', 36, '2021-12-20 13:01:25'),
('ChIJHf2oKOhJXhMRU48jxmo1y6s', 'Friday', '18', 88, '2021-12-20 13:01:25'),
('ChIJHf2oKOhJXhMRU48jxmo1y6s', 'Friday', '19', 98, '2021-12-20 13:01:25'),
('ChIJHf2oKOhJXhMRU48jxmo1y6s', 'Friday', '20', 50, '2021-12-20 13:01:25'),
('ChIJHf2oKOhJXhMRU48jxmo1y6s', 'Friday', '21', 0, '2021-12-20 13:01:25'),
('ChIJHf2oKOhJXhMRU48jxmo1y6s', 'Friday', '22', 0, '2021-12-20 13:01:25'),
('ChIJHf2oKOhJXhMRU48jxmo1y6s', 'Friday', '23', 0, '2021-12-20 13:01:25'),
('ChIJHf2oKOhJXhMRU48jxmo1y6s', 'Monday', '0', 0, '2021-12-20 13:01:25'),
('ChIJHf2oKOhJXhMRU48jxmo1y6s', 'Monday', '1', 0, '2021-12-20 13:01:25'),
('ChIJHf2oKOhJXhMRU48jxmo1y6s', 'Monday', '2', 0, '2021-12-20 13:01:25'),
('ChIJHf2oKOhJXhMRU48jxmo1y6s', 'Monday', '3', 0, '2021-12-20 13:01:25'),
('ChIJHf2oKOhJXhMRU48jxmo1y6s', 'Monday', '4', 0, '2021-12-20 13:01:25'),
('ChIJHf2oKOhJXhMRU48jxmo1y6s', 'Monday', '5', 0, '2021-12-20 13:01:25'),
('ChIJHf2oKOhJXhMRU48jxmo1y6s', 'Monday', '6', 0, '2021-12-20 13:01:25'),
('ChIJHf2oKOhJXhMRU48jxmo1y6s', 'Monday', '7', 0, '2021-12-20 13:01:25'),
('ChIJHf2oKOhJXhMRU48jxmo1y6s', 'Monday', '8', 0, '2021-12-20 13:01:25'),
('ChIJHf2oKOhJXhMRU48jxmo1y6s', 'Monday', '9', 60, '2021-12-20 13:01:25'),
('ChIJHf2oKOhJXhMRU48jxmo1y6s', 'Monday', '10', 76, '2021-12-20 13:01:25'),
('ChIJHf2oKOhJXhMRU48jxmo1y6s', 'Monday', '11', 72, '2021-12-20 13:01:25'),
('ChIJHf2oKOhJXhMRU48jxmo1y6s', 'Monday', '12', 74, '2021-12-20 13:01:25'),
('ChIJHf2oKOhJXhMRU48jxmo1y6s', 'Monday', '13', 84, '2021-12-20 13:01:25'),
('ChIJHf2oKOhJXhMRU48jxmo1y6s', 'Monday', '14', 42, '2021-12-20 13:01:25'),
('ChIJHf2oKOhJXhMRU48jxmo1y6s', 'Monday', '15', 0, '2021-12-20 13:01:25'),
('ChIJHf2oKOhJXhMRU48jxmo1y6s', 'Monday', '16', 0, '2021-12-20 13:01:25'),
('ChIJHf2oKOhJXhMRU48jxmo1y6s', 'Monday', '17', 0, '2021-12-20 13:01:25'),
('ChIJHf2oKOhJXhMRU48jxmo1y6s', 'Monday', '18', 0, '2021-12-20 13:01:25'),
('ChIJHf2oKOhJXhMRU48jxmo1y6s', 'Monday', '19', 0, '2021-12-20 13:01:25'),
('ChIJHf2oKOhJXhMRU48jxmo1y6s', 'Monday', '20', 0, '2021-12-20 13:01:25'),
('ChIJHf2oKOhJXhMRU48jxmo1y6s', 'Monday', '21', 0, '2021-12-20 13:01:25'),
('ChIJHf2oKOhJXhMRU48jxmo1y6s', 'Monday', '22', 0, '2021-12-20 13:01:25'),
('ChIJHf2oKOhJXhMRU48jxmo1y6s', 'Monday', '23', 0, '2021-12-20 13:01:25'),
('ChIJHf2oKOhJXhMRU48jxmo1y6s', 'Saturday', '0', 0, '2021-12-20 13:01:25'),
('ChIJHf2oKOhJXhMRU48jxmo1y6s', 'Saturday', '1', 0, '2021-12-20 13:01:25'),
('ChIJHf2oKOhJXhMRU48jxmo1y6s', 'Saturday', '2', 0, '2021-12-20 13:01:25'),
('ChIJHf2oKOhJXhMRU48jxmo1y6s', 'Saturday', '3', 0, '2021-12-20 13:01:25'),
('ChIJHf2oKOhJXhMRU48jxmo1y6s', 'Saturday', '4', 0, '2021-12-20 13:01:25'),
('ChIJHf2oKOhJXhMRU48jxmo1y6s', 'Saturday', '5', 0, '2021-12-20 13:01:25'),
('ChIJHf2oKOhJXhMRU48jxmo1y6s', 'Saturday', '6', 0, '2021-12-20 13:01:25'),
('ChIJHf2oKOhJXhMRU48jxmo1y6s', 'Saturday', '7', 0, '2021-12-20 13:01:25'),
('ChIJHf2oKOhJXhMRU48jxmo1y6s', 'Saturday', '8', 0, '2021-12-20 13:01:25'),
('ChIJHf2oKOhJXhMRU48jxmo1y6s', 'Saturday', '9', 36, '2021-12-20 13:01:25'),
('ChIJHf2oKOhJXhMRU48jxmo1y6s', 'Saturday', '10', 68, '2021-12-20 13:01:25'),
('ChIJHf2oKOhJXhMRU48jxmo1y6s', 'Saturday', '11', 88, '2021-12-20 13:01:25'),
('ChIJHf2oKOhJXhMRU48jxmo1y6s', 'Saturday', '12', 84, '2021-12-20 13:01:25'),
('ChIJHf2oKOhJXhMRU48jxmo1y6s', 'Saturday', '13', 56, '2021-12-20 13:01:25'),
('ChIJHf2oKOhJXhMRU48jxmo1y6s', 'Saturday', '14', 0, '2021-12-20 13:01:25'),
('ChIJHf2oKOhJXhMRU48jxmo1y6s', 'Saturday', '15', 0, '2021-12-20 13:01:25'),
('ChIJHf2oKOhJXhMRU48jxmo1y6s', 'Saturday', '16', 0, '2021-12-20 13:01:25'),
('ChIJHf2oKOhJXhMRU48jxmo1y6s', 'Saturday', '17', 0, '2021-12-20 13:01:25'),
('ChIJHf2oKOhJXhMRU48jxmo1y6s', 'Saturday', '18', 0, '2021-12-20 13:01:25'),
('ChIJHf2oKOhJXhMRU48jxmo1y6s', 'Saturday', '19', 0, '2021-12-20 13:01:25'),
('ChIJHf2oKOhJXhMRU48jxmo1y6s', 'Saturday', '20', 0, '2021-12-20 13:01:25'),
('ChIJHf2oKOhJXhMRU48jxmo1y6s', 'Saturday', '21', 0, '2021-12-20 13:01:25'),
('ChIJHf2oKOhJXhMRU48jxmo1y6s', 'Saturday', '22', 0, '2021-12-20 13:01:25'),
('ChIJHf2oKOhJXhMRU48jxmo1y6s', 'Saturday', '23', 0, '2021-12-20 13:01:25'),
('ChIJHf2oKOhJXhMRU48jxmo1y6s', 'Sunday', '0', 0, '2021-12-20 13:01:25'),
('ChIJHf2oKOhJXhMRU48jxmo1y6s', 'Sunday', '1', 0, '2021-12-20 13:01:25'),
('ChIJHf2oKOhJXhMRU48jxmo1y6s', 'Sunday', '2', 0, '2021-12-20 13:01:25'),
('ChIJHf2oKOhJXhMRU48jxmo1y6s', 'Sunday', '3', 0, '2021-12-20 13:01:25'),
('ChIJHf2oKOhJXhMRU48jxmo1y6s', 'Sunday', '4', 0, '2021-12-20 13:01:25'),
('ChIJHf2oKOhJXhMRU48jxmo1y6s', 'Sunday', '5', 0, '2021-12-20 13:01:25'),
('ChIJHf2oKOhJXhMRU48jxmo1y6s', 'Sunday', '6', 0, '2021-12-20 13:01:25'),
('ChIJHf2oKOhJXhMRU48jxmo1y6s', 'Sunday', '7', 0, '2021-12-20 13:01:25'),
('ChIJHf2oKOhJXhMRU48jxmo1y6s', 'Sunday', '8', 0, '2021-12-20 13:01:25'),
('ChIJHf2oKOhJXhMRU48jxmo1y6s', 'Sunday', '9', 0, '2021-12-20 13:01:25'),
('ChIJHf2oKOhJXhMRU48jxmo1y6s', 'Sunday', '10', 0, '2021-12-20 13:01:25'),
('ChIJHf2oKOhJXhMRU48jxmo1y6s', 'Sunday', '11', 0, '2021-12-20 13:01:25'),
('ChIJHf2oKOhJXhMRU48jxmo1y6s', 'Sunday', '12', 0, '2021-12-20 13:01:25'),
('ChIJHf2oKOhJXhMRU48jxmo1y6s', 'Sunday', '13', 0, '2021-12-20 13:01:25'),
('ChIJHf2oKOhJXhMRU48jxmo1y6s', 'Sunday', '14', 0, '2021-12-20 13:01:25'),
('ChIJHf2oKOhJXhMRU48jxmo1y6s', 'Sunday', '15', 0, '2021-12-20 13:01:25'),
('ChIJHf2oKOhJXhMRU48jxmo1y6s', 'Sunday', '16', 0, '2021-12-20 13:01:25'),
('ChIJHf2oKOhJXhMRU48jxmo1y6s', 'Sunday', '17', 0, '2021-12-20 13:01:25'),
('ChIJHf2oKOhJXhMRU48jxmo1y6s', 'Sunday', '18', 0, '2021-12-20 13:01:25'),
('ChIJHf2oKOhJXhMRU48jxmo1y6s', 'Sunday', '19', 0, '2021-12-20 13:01:25'),
('ChIJHf2oKOhJXhMRU48jxmo1y6s', 'Sunday', '20', 0, '2021-12-20 13:01:25'),
('ChIJHf2oKOhJXhMRU48jxmo1y6s', 'Sunday', '21', 0, '2021-12-20 13:01:25'),
('ChIJHf2oKOhJXhMRU48jxmo1y6s', 'Sunday', '22', 0, '2021-12-20 13:01:25'),
('ChIJHf2oKOhJXhMRU48jxmo1y6s', 'Sunday', '23', 0, '2021-12-20 13:01:25'),
('ChIJHf2oKOhJXhMRU48jxmo1y6s', 'Thursday', '0', 0, '2021-12-20 13:01:25'),
('ChIJHf2oKOhJXhMRU48jxmo1y6s', 'Thursday', '1', 0, '2021-12-20 13:01:25'),
('ChIJHf2oKOhJXhMRU48jxmo1y6s', 'Thursday', '2', 0, '2021-12-20 13:01:25'),
('ChIJHf2oKOhJXhMRU48jxmo1y6s', 'Thursday', '3', 0, '2021-12-20 13:01:25'),
('ChIJHf2oKOhJXhMRU48jxmo1y6s', 'Thursday', '4', 0, '2021-12-20 13:01:25'),
('ChIJHf2oKOhJXhMRU48jxmo1y6s', 'Thursday', '5', 0, '2021-12-20 13:01:25'),
('ChIJHf2oKOhJXhMRU48jxmo1y6s', 'Thursday', '6', 0, '2021-12-20 13:01:25'),
('ChIJHf2oKOhJXhMRU48jxmo1y6s', 'Thursday', '7', 0, '2021-12-20 13:01:25'),
('ChIJHf2oKOhJXhMRU48jxmo1y6s', 'Thursday', '8', 0, '2021-12-20 13:01:25'),
('ChIJHf2oKOhJXhMRU48jxmo1y6s', 'Thursday', '9', 46, '2021-12-20 13:01:25'),
('ChIJHf2oKOhJXhMRU48jxmo1y6s', 'Thursday', '10', 62, '2021-12-20 13:01:25'),
('ChIJHf2oKOhJXhMRU48jxmo1y6s', 'Thursday', '11', 64, '2021-12-20 13:01:25'),
('ChIJHf2oKOhJXhMRU48jxmo1y6s', 'Thursday', '12', 74, '2021-12-20 13:01:25'),
('ChIJHf2oKOhJXhMRU48jxmo1y6s', 'Thursday', '13', 62, '2021-12-20 13:01:25'),
('ChIJHf2oKOhJXhMRU48jxmo1y6s', 'Thursday', '14', 0, '2021-12-20 13:01:25'),
('ChIJHf2oKOhJXhMRU48jxmo1y6s', 'Thursday', '15', 0, '2021-12-20 13:01:25'),
('ChIJHf2oKOhJXhMRU48jxmo1y6s', 'Thursday', '16', 0, '2021-12-20 13:01:25'),
('ChIJHf2oKOhJXhMRU48jxmo1y6s', 'Thursday', '17', 34, '2021-12-20 13:01:25'),
('ChIJHf2oKOhJXhMRU48jxmo1y6s', 'Thursday', '18', 68, '2021-12-20 13:01:25'),
('ChIJHf2oKOhJXhMRU48jxmo1y6s', 'Thursday', '19', 76, '2021-12-20 13:01:25'),
('ChIJHf2oKOhJXhMRU48jxmo1y6s', 'Thursday', '20', 46, '2021-12-20 13:01:25'),
('ChIJHf2oKOhJXhMRU48jxmo1y6s', 'Thursday', '21', 0, '2021-12-20 13:01:25'),
('ChIJHf2oKOhJXhMRU48jxmo1y6s', 'Thursday', '22', 0, '2021-12-20 13:01:25'),
('ChIJHf2oKOhJXhMRU48jxmo1y6s', 'Thursday', '23', 0, '2021-12-20 13:01:25'),
('ChIJHf2oKOhJXhMRU48jxmo1y6s', 'Tuesday', '0', 0, '2021-12-20 13:01:25'),
('ChIJHf2oKOhJXhMRU48jxmo1y6s', 'Tuesday', '1', 0, '2021-12-20 13:01:25'),
('ChIJHf2oKOhJXhMRU48jxmo1y6s', 'Tuesday', '2', 0, '2021-12-20 13:01:25'),
('ChIJHf2oKOhJXhMRU48jxmo1y6s', 'Tuesday', '3', 0, '2021-12-20 13:01:25'),
('ChIJHf2oKOhJXhMRU48jxmo1y6s', 'Tuesday', '4', 0, '2021-12-20 13:01:25'),
('ChIJHf2oKOhJXhMRU48jxmo1y6s', 'Tuesday', '5', 0, '2021-12-20 13:01:25'),
('ChIJHf2oKOhJXhMRU48jxmo1y6s', 'Tuesday', '6', 0, '2021-12-20 13:01:25'),
('ChIJHf2oKOhJXhMRU48jxmo1y6s', 'Tuesday', '7', 0, '2021-12-20 13:01:25'),
('ChIJHf2oKOhJXhMRU48jxmo1y6s', 'Tuesday', '8', 0, '2021-12-20 13:01:25'),
('ChIJHf2oKOhJXhMRU48jxmo1y6s', 'Tuesday', '9', 70, '2021-12-20 13:01:25'),
('ChIJHf2oKOhJXhMRU48jxmo1y6s', 'Tuesday', '10', 76, '2021-12-20 13:01:25'),
('ChIJHf2oKOhJXhMRU48jxmo1y6s', 'Tuesday', '11', 68, '2021-12-20 13:01:25'),
('ChIJHf2oKOhJXhMRU48jxmo1y6s', 'Tuesday', '12', 80, '2021-12-20 13:01:25'),
('ChIJHf2oKOhJXhMRU48jxmo1y6s', 'Tuesday', '13', 86, '2021-12-20 13:01:25'),
('ChIJHf2oKOhJXhMRU48jxmo1y6s', 'Tuesday', '14', 0, '2021-12-20 13:01:25'),
('ChIJHf2oKOhJXhMRU48jxmo1y6s', 'Tuesday', '15', 0, '2021-12-20 13:01:25'),
('ChIJHf2oKOhJXhMRU48jxmo1y6s', 'Tuesday', '16', 0, '2021-12-20 13:01:25'),
('ChIJHf2oKOhJXhMRU48jxmo1y6s', 'Tuesday', '17', 52, '2021-12-20 13:01:25'),
('ChIJHf2oKOhJXhMRU48jxmo1y6s', 'Tuesday', '18', 88, '2021-12-20 13:01:25'),
('ChIJHf2oKOhJXhMRU48jxmo1y6s', 'Tuesday', '19', 100, '2021-12-20 13:01:25'),
('ChIJHf2oKOhJXhMRU48jxmo1y6s', 'Tuesday', '20', 72, '2021-12-20 13:01:25'),
('ChIJHf2oKOhJXhMRU48jxmo1y6s', 'Tuesday', '21', 0, '2021-12-20 13:01:25'),
('ChIJHf2oKOhJXhMRU48jxmo1y6s', 'Tuesday', '22', 0, '2021-12-20 13:01:25'),
('ChIJHf2oKOhJXhMRU48jxmo1y6s', 'Tuesday', '23', 0, '2021-12-20 13:01:25'),
('ChIJHf2oKOhJXhMRU48jxmo1y6s', 'Wednesday', '0', 0, '2021-12-20 13:01:25'),
('ChIJHf2oKOhJXhMRU48jxmo1y6s', 'Wednesday', '1', 0, '2021-12-20 13:01:25'),
('ChIJHf2oKOhJXhMRU48jxmo1y6s', 'Wednesday', '2', 0, '2021-12-20 13:01:25'),
('ChIJHf2oKOhJXhMRU48jxmo1y6s', 'Wednesday', '3', 0, '2021-12-20 13:01:25'),
('ChIJHf2oKOhJXhMRU48jxmo1y6s', 'Wednesday', '4', 0, '2021-12-20 13:01:25'),
('ChIJHf2oKOhJXhMRU48jxmo1y6s', 'Wednesday', '5', 0, '2021-12-20 13:01:25'),
('ChIJHf2oKOhJXhMRU48jxmo1y6s', 'Wednesday', '6', 0, '2021-12-20 13:01:25'),
('ChIJHf2oKOhJXhMRU48jxmo1y6s', 'Wednesday', '7', 0, '2021-12-20 13:01:25'),
('ChIJHf2oKOhJXhMRU48jxmo1y6s', 'Wednesday', '8', 0, '2021-12-20 13:01:25'),
('ChIJHf2oKOhJXhMRU48jxmo1y6s', 'Wednesday', '9', 60, '2021-12-20 13:01:25'),
('ChIJHf2oKOhJXhMRU48jxmo1y6s', 'Wednesday', '10', 78, '2021-12-20 13:01:25'),
('ChIJHf2oKOhJXhMRU48jxmo1y6s', 'Wednesday', '11', 76, '2021-12-20 13:01:25'),
('ChIJHf2oKOhJXhMRU48jxmo1y6s', 'Wednesday', '12', 72, '2021-12-20 13:01:25'),
('ChIJHf2oKOhJXhMRU48jxmo1y6s', 'Wednesday', '13', 56, '2021-12-20 13:01:25'),
('ChIJHf2oKOhJXhMRU48jxmo1y6s', 'Wednesday', '14', 32, '2021-12-20 13:01:25'),
('ChIJHf2oKOhJXhMRU48jxmo1y6s', 'Wednesday', '15', 0, '2021-12-20 13:01:25'),
('ChIJHf2oKOhJXhMRU48jxmo1y6s', 'Wednesday', '16', 0, '2021-12-20 13:01:25'),
('ChIJHf2oKOhJXhMRU48jxmo1y6s', 'Wednesday', '17', 0, '2021-12-20 13:01:25'),
('ChIJHf2oKOhJXhMRU48jxmo1y6s', 'Wednesday', '18', 0, '2021-12-20 13:01:25'),
('ChIJHf2oKOhJXhMRU48jxmo1y6s', 'Wednesday', '19', 0, '2021-12-20 13:01:25'),
('ChIJHf2oKOhJXhMRU48jxmo1y6s', 'Wednesday', '20', 0, '2021-12-20 13:01:25'),
('ChIJHf2oKOhJXhMRU48jxmo1y6s', 'Wednesday', '21', 0, '2021-12-20 13:01:25'),
('ChIJHf2oKOhJXhMRU48jxmo1y6s', 'Wednesday', '22', 0, '2021-12-20 13:01:25'),
('ChIJHf2oKOhJXhMRU48jxmo1y6s', 'Wednesday', '23', 0, '2021-12-20 13:01:25'),
('ChIJhT1xJuhJXhMRB_dOMAB9G8A', 'Friday', '0', 0, '2021-12-20 13:01:25'),
('ChIJhT1xJuhJXhMRB_dOMAB9G8A', 'Friday', '1', 0, '2021-12-20 13:01:25'),
('ChIJhT1xJuhJXhMRB_dOMAB9G8A', 'Friday', '2', 0, '2021-12-20 13:01:25'),
('ChIJhT1xJuhJXhMRB_dOMAB9G8A', 'Friday', '3', 0, '2021-12-20 13:01:25'),
('ChIJhT1xJuhJXhMRB_dOMAB9G8A', 'Friday', '4', 0, '2021-12-20 13:01:25'),
('ChIJhT1xJuhJXhMRB_dOMAB9G8A', 'Friday', '5', 0, '2021-12-20 13:01:25'),
('ChIJhT1xJuhJXhMRB_dOMAB9G8A', 'Friday', '6', 0, '2021-12-20 13:01:25'),
('ChIJhT1xJuhJXhMRB_dOMAB9G8A', 'Friday', '7', 0, '2021-12-20 13:01:25'),
('ChIJhT1xJuhJXhMRB_dOMAB9G8A', 'Friday', '8', 0, '2021-12-20 13:01:25'),
('ChIJhT1xJuhJXhMRB_dOMAB9G8A', 'Friday', '9', 0, '2021-12-20 13:01:25'),
('ChIJhT1xJuhJXhMRB_dOMAB9G8A', 'Friday', '10', 0, '2021-12-20 13:01:25'),
('ChIJhT1xJuhJXhMRB_dOMAB9G8A', 'Friday', '11', 14, '2021-12-20 13:01:25'),
('ChIJhT1xJuhJXhMRB_dOMAB9G8A', 'Friday', '12', 39, '2021-12-20 13:01:25'),
('ChIJhT1xJuhJXhMRB_dOMAB9G8A', 'Friday', '13', 80, '2021-12-20 13:01:25'),
('ChIJhT1xJuhJXhMRB_dOMAB9G8A', 'Friday', '14', 100, '2021-12-20 13:01:25'),
('ChIJhT1xJuhJXhMRB_dOMAB9G8A', 'Friday', '15', 72, '2021-12-20 13:01:25'),
('ChIJhT1xJuhJXhMRB_dOMAB9G8A', 'Friday', '16', 31, '2021-12-20 13:01:25'),
('ChIJhT1xJuhJXhMRB_dOMAB9G8A', 'Friday', '17', 11, '2021-12-20 13:01:25'),
('ChIJhT1xJuhJXhMRB_dOMAB9G8A', 'Friday', '18', 10, '2021-12-20 13:01:25'),
('ChIJhT1xJuhJXhMRB_dOMAB9G8A', 'Friday', '19', 13, '2021-12-20 13:01:25'),
('ChIJhT1xJuhJXhMRB_dOMAB9G8A', 'Friday', '20', 0, '2021-12-20 13:01:25'),
('ChIJhT1xJuhJXhMRB_dOMAB9G8A', 'Friday', '21', 0, '2021-12-20 13:01:25'),
('ChIJhT1xJuhJXhMRB_dOMAB9G8A', 'Friday', '22', 0, '2021-12-20 13:01:25'),
('ChIJhT1xJuhJXhMRB_dOMAB9G8A', 'Friday', '23', 0, '2021-12-20 13:01:25'),
('ChIJhT1xJuhJXhMRB_dOMAB9G8A', 'Monday', '0', 0, '2021-12-20 13:01:25'),
('ChIJhT1xJuhJXhMRB_dOMAB9G8A', 'Monday', '1', 0, '2021-12-20 13:01:25'),
('ChIJhT1xJuhJXhMRB_dOMAB9G8A', 'Monday', '2', 0, '2021-12-20 13:01:25'),
('ChIJhT1xJuhJXhMRB_dOMAB9G8A', 'Monday', '3', 0, '2021-12-20 13:01:25'),
('ChIJhT1xJuhJXhMRB_dOMAB9G8A', 'Monday', '4', 0, '2021-12-20 13:01:25'),
('ChIJhT1xJuhJXhMRB_dOMAB9G8A', 'Monday', '5', 0, '2021-12-20 13:01:25'),
('ChIJhT1xJuhJXhMRB_dOMAB9G8A', 'Monday', '6', 0, '2021-12-20 13:01:25'),
('ChIJhT1xJuhJXhMRB_dOMAB9G8A', 'Monday', '7', 0, '2021-12-20 13:01:25'),
('ChIJhT1xJuhJXhMRB_dOMAB9G8A', 'Monday', '8', 0, '2021-12-20 13:01:25'),
('ChIJhT1xJuhJXhMRB_dOMAB9G8A', 'Monday', '9', 0, '2021-12-20 13:01:25'),
('ChIJhT1xJuhJXhMRB_dOMAB9G8A', 'Monday', '10', 0, '2021-12-20 13:01:25'),
('ChIJhT1xJuhJXhMRB_dOMAB9G8A', 'Monday', '11', 12, '2021-12-20 13:01:25'),
('ChIJhT1xJuhJXhMRB_dOMAB9G8A', 'Monday', '12', 25, '2021-12-20 13:01:25'),
('ChIJhT1xJuhJXhMRB_dOMAB9G8A', 'Monday', '13', 39, '2021-12-20 13:01:25'),
('ChIJhT1xJuhJXhMRB_dOMAB9G8A', 'Monday', '14', 43, '2021-12-20 13:01:25'),
('ChIJhT1xJuhJXhMRB_dOMAB9G8A', 'Monday', '15', 33, '2021-12-20 13:01:25'),
('ChIJhT1xJuhJXhMRB_dOMAB9G8A', 'Monday', '16', 20, '2021-12-20 13:01:25'),
('ChIJhT1xJuhJXhMRB_dOMAB9G8A', 'Monday', '17', 12, '2021-12-20 13:01:25'),
('ChIJhT1xJuhJXhMRB_dOMAB9G8A', 'Monday', '18', 9, '2021-12-20 13:01:25'),
('ChIJhT1xJuhJXhMRB_dOMAB9G8A', 'Monday', '19', 7, '2021-12-20 13:01:25'),
('ChIJhT1xJuhJXhMRB_dOMAB9G8A', 'Monday', '20', 0, '2021-12-20 13:01:25'),
('ChIJhT1xJuhJXhMRB_dOMAB9G8A', 'Monday', '21', 0, '2021-12-20 13:01:25'),
('ChIJhT1xJuhJXhMRB_dOMAB9G8A', 'Monday', '22', 0, '2021-12-20 13:01:25'),
('ChIJhT1xJuhJXhMRB_dOMAB9G8A', 'Monday', '23', 0, '2021-12-20 13:01:25'),
('ChIJhT1xJuhJXhMRB_dOMAB9G8A', 'Saturday', '0', 0, '2021-12-20 13:01:25'),
('ChIJhT1xJuhJXhMRB_dOMAB9G8A', 'Saturday', '1', 0, '2021-12-20 13:01:25'),
('ChIJhT1xJuhJXhMRB_dOMAB9G8A', 'Saturday', '2', 0, '2021-12-20 13:01:25'),
('ChIJhT1xJuhJXhMRB_dOMAB9G8A', 'Saturday', '3', 0, '2021-12-20 13:01:25'),
('ChIJhT1xJuhJXhMRB_dOMAB9G8A', 'Saturday', '4', 0, '2021-12-20 13:01:25'),
('ChIJhT1xJuhJXhMRB_dOMAB9G8A', 'Saturday', '5', 0, '2021-12-20 13:01:25'),
('ChIJhT1xJuhJXhMRB_dOMAB9G8A', 'Saturday', '6', 0, '2021-12-20 13:01:25'),
('ChIJhT1xJuhJXhMRB_dOMAB9G8A', 'Saturday', '7', 0, '2021-12-20 13:01:25'),
('ChIJhT1xJuhJXhMRB_dOMAB9G8A', 'Saturday', '8', 0, '2021-12-20 13:01:25'),
('ChIJhT1xJuhJXhMRB_dOMAB9G8A', 'Saturday', '9', 0, '2021-12-20 13:01:25'),
('ChIJhT1xJuhJXhMRB_dOMAB9G8A', 'Saturday', '10', 0, '2021-12-20 13:01:25'),
('ChIJhT1xJuhJXhMRB_dOMAB9G8A', 'Saturday', '11', 12, '2021-12-20 13:01:25'),
('ChIJhT1xJuhJXhMRB_dOMAB9G8A', 'Saturday', '12', 21, '2021-12-20 13:01:25'),
('ChIJhT1xJuhJXhMRB_dOMAB9G8A', 'Saturday', '13', 43, '2021-12-20 13:01:25'),
('ChIJhT1xJuhJXhMRB_dOMAB9G8A', 'Saturday', '14', 64, '2021-12-20 13:01:25'),
('ChIJhT1xJuhJXhMRB_dOMAB9G8A', 'Saturday', '15', 56, '2021-12-20 13:01:25'),
('ChIJhT1xJuhJXhMRB_dOMAB9G8A', 'Saturday', '16', 30, '2021-12-20 13:01:25'),
('ChIJhT1xJuhJXhMRB_dOMAB9G8A', 'Saturday', '17', 12, '2021-12-20 13:01:25'),
('ChIJhT1xJuhJXhMRB_dOMAB9G8A', 'Saturday', '18', 6, '2021-12-20 13:01:25'),
('ChIJhT1xJuhJXhMRB_dOMAB9G8A', 'Saturday', '19', 3, '2021-12-20 13:01:25'),
('ChIJhT1xJuhJXhMRB_dOMAB9G8A', 'Saturday', '20', 0, '2021-12-20 13:01:25'),
('ChIJhT1xJuhJXhMRB_dOMAB9G8A', 'Saturday', '21', 0, '2021-12-20 13:01:25'),
('ChIJhT1xJuhJXhMRB_dOMAB9G8A', 'Saturday', '22', 0, '2021-12-20 13:01:25'),
('ChIJhT1xJuhJXhMRB_dOMAB9G8A', 'Saturday', '23', 0, '2021-12-20 13:01:25'),
('ChIJhT1xJuhJXhMRB_dOMAB9G8A', 'Sunday', '0', 0, '2021-12-20 13:01:25'),
('ChIJhT1xJuhJXhMRB_dOMAB9G8A', 'Sunday', '1', 0, '2021-12-20 13:01:25'),
('ChIJhT1xJuhJXhMRB_dOMAB9G8A', 'Sunday', '2', 0, '2021-12-20 13:01:25'),
('ChIJhT1xJuhJXhMRB_dOMAB9G8A', 'Sunday', '3', 0, '2021-12-20 13:01:25'),
('ChIJhT1xJuhJXhMRB_dOMAB9G8A', 'Sunday', '4', 0, '2021-12-20 13:01:25'),
('ChIJhT1xJuhJXhMRB_dOMAB9G8A', 'Sunday', '5', 0, '2021-12-20 13:01:25'),
('ChIJhT1xJuhJXhMRB_dOMAB9G8A', 'Sunday', '6', 0, '2021-12-20 13:01:25'),
('ChIJhT1xJuhJXhMRB_dOMAB9G8A', 'Sunday', '7', 0, '2021-12-20 13:01:25'),
('ChIJhT1xJuhJXhMRB_dOMAB9G8A', 'Sunday', '8', 0, '2021-12-20 13:01:25'),
('ChIJhT1xJuhJXhMRB_dOMAB9G8A', 'Sunday', '9', 0, '2021-12-20 13:01:25'),
('ChIJhT1xJuhJXhMRB_dOMAB9G8A', 'Sunday', '10', 0, '2021-12-20 13:01:25'),
('ChIJhT1xJuhJXhMRB_dOMAB9G8A', 'Sunday', '11', 0, '2021-12-20 13:01:25'),
('ChIJhT1xJuhJXhMRB_dOMAB9G8A', 'Sunday', '12', 0, '2021-12-20 13:01:25'),
('ChIJhT1xJuhJXhMRB_dOMAB9G8A', 'Sunday', '13', 0, '2021-12-20 13:01:25'),
('ChIJhT1xJuhJXhMRB_dOMAB9G8A', 'Sunday', '14', 0, '2021-12-20 13:01:25'),
('ChIJhT1xJuhJXhMRB_dOMAB9G8A', 'Sunday', '15', 0, '2021-12-20 13:01:25'),
('ChIJhT1xJuhJXhMRB_dOMAB9G8A', 'Sunday', '16', 0, '2021-12-20 13:01:25'),
('ChIJhT1xJuhJXhMRB_dOMAB9G8A', 'Sunday', '17', 0, '2021-12-20 13:01:25'),
('ChIJhT1xJuhJXhMRB_dOMAB9G8A', 'Sunday', '18', 0, '2021-12-20 13:01:25'),
('ChIJhT1xJuhJXhMRB_dOMAB9G8A', 'Sunday', '19', 0, '2021-12-20 13:01:25'),
('ChIJhT1xJuhJXhMRB_dOMAB9G8A', 'Sunday', '20', 0, '2021-12-20 13:01:25'),
('ChIJhT1xJuhJXhMRB_dOMAB9G8A', 'Sunday', '21', 0, '2021-12-20 13:01:25'),
('ChIJhT1xJuhJXhMRB_dOMAB9G8A', 'Sunday', '22', 0, '2021-12-20 13:01:25'),
('ChIJhT1xJuhJXhMRB_dOMAB9G8A', 'Sunday', '23', 0, '2021-12-20 13:01:25'),
('ChIJhT1xJuhJXhMRB_dOMAB9G8A', 'Thursday', '0', 0, '2021-12-20 13:01:25'),
('ChIJhT1xJuhJXhMRB_dOMAB9G8A', 'Thursday', '1', 0, '2021-12-20 13:01:25'),
('ChIJhT1xJuhJXhMRB_dOMAB9G8A', 'Thursday', '2', 0, '2021-12-20 13:01:25'),
('ChIJhT1xJuhJXhMRB_dOMAB9G8A', 'Thursday', '3', 0, '2021-12-20 13:01:25'),
('ChIJhT1xJuhJXhMRB_dOMAB9G8A', 'Thursday', '4', 0, '2021-12-20 13:01:25'),
('ChIJhT1xJuhJXhMRB_dOMAB9G8A', 'Thursday', '5', 0, '2021-12-20 13:01:25'),
('ChIJhT1xJuhJXhMRB_dOMAB9G8A', 'Thursday', '6', 0, '2021-12-20 13:01:25'),
('ChIJhT1xJuhJXhMRB_dOMAB9G8A', 'Thursday', '7', 0, '2021-12-20 13:01:25'),
('ChIJhT1xJuhJXhMRB_dOMAB9G8A', 'Thursday', '8', 0, '2021-12-20 13:01:25'),
('ChIJhT1xJuhJXhMRB_dOMAB9G8A', 'Thursday', '9', 0, '2021-12-20 13:01:25'),
('ChIJhT1xJuhJXhMRB_dOMAB9G8A', 'Thursday', '10', 0, '2021-12-20 13:01:25'),
('ChIJhT1xJuhJXhMRB_dOMAB9G8A', 'Thursday', '11', 22, '2021-12-20 13:01:25'),
('ChIJhT1xJuhJXhMRB_dOMAB9G8A', 'Thursday', '12', 53, '2021-12-20 13:01:25'),
('ChIJhT1xJuhJXhMRB_dOMAB9G8A', 'Thursday', '13', 91, '2021-12-20 13:01:25'),
('ChIJhT1xJuhJXhMRB_dOMAB9G8A', 'Thursday', '14', 100, '2021-12-20 13:01:25'),
('ChIJhT1xJuhJXhMRB_dOMAB9G8A', 'Thursday', '15', 72, '2021-12-20 13:01:25'),
('ChIJhT1xJuhJXhMRB_dOMAB9G8A', 'Thursday', '16', 41, '2021-12-20 13:01:25'),
('ChIJhT1xJuhJXhMRB_dOMAB9G8A', 'Thursday', '17', 27, '2021-12-20 13:01:25'),
('ChIJhT1xJuhJXhMRB_dOMAB9G8A', 'Thursday', '18', 22, '2021-12-20 13:01:25'),
('ChIJhT1xJuhJXhMRB_dOMAB9G8A', 'Thursday', '19', 15, '2021-12-20 13:01:25'),
('ChIJhT1xJuhJXhMRB_dOMAB9G8A', 'Thursday', '20', 0, '2021-12-20 13:01:25'),
('ChIJhT1xJuhJXhMRB_dOMAB9G8A', 'Thursday', '21', 0, '2021-12-20 13:01:25'),
('ChIJhT1xJuhJXhMRB_dOMAB9G8A', 'Thursday', '22', 0, '2021-12-20 13:01:25'),
('ChIJhT1xJuhJXhMRB_dOMAB9G8A', 'Thursday', '23', 0, '2021-12-20 13:01:25'),
('ChIJhT1xJuhJXhMRB_dOMAB9G8A', 'Tuesday', '0', 0, '2021-12-20 13:01:25'),
('ChIJhT1xJuhJXhMRB_dOMAB9G8A', 'Tuesday', '1', 0, '2021-12-20 13:01:25'),
('ChIJhT1xJuhJXhMRB_dOMAB9G8A', 'Tuesday', '2', 0, '2021-12-20 13:01:25'),
('ChIJhT1xJuhJXhMRB_dOMAB9G8A', 'Tuesday', '3', 0, '2021-12-20 13:01:25'),
('ChIJhT1xJuhJXhMRB_dOMAB9G8A', 'Tuesday', '4', 0, '2021-12-20 13:01:25'),
('ChIJhT1xJuhJXhMRB_dOMAB9G8A', 'Tuesday', '5', 0, '2021-12-20 13:01:25'),
('ChIJhT1xJuhJXhMRB_dOMAB9G8A', 'Tuesday', '6', 0, '2021-12-20 13:01:25'),
('ChIJhT1xJuhJXhMRB_dOMAB9G8A', 'Tuesday', '7', 0, '2021-12-20 13:01:25'),
('ChIJhT1xJuhJXhMRB_dOMAB9G8A', 'Tuesday', '8', 0, '2021-12-20 13:01:25'),
('ChIJhT1xJuhJXhMRB_dOMAB9G8A', 'Tuesday', '9', 0, '2021-12-20 13:01:25'),
('ChIJhT1xJuhJXhMRB_dOMAB9G8A', 'Tuesday', '10', 0, '2021-12-20 13:01:25'),
('ChIJhT1xJuhJXhMRB_dOMAB9G8A', 'Tuesday', '11', 10, '2021-12-20 13:01:25'),
('ChIJhT1xJuhJXhMRB_dOMAB9G8A', 'Tuesday', '12', 21, '2021-12-20 13:01:25'),
('ChIJhT1xJuhJXhMRB_dOMAB9G8A', 'Tuesday', '13', 45, '2021-12-20 13:01:25'),
('ChIJhT1xJuhJXhMRB_dOMAB9G8A', 'Tuesday', '14', 66, '2021-12-20 13:01:25'),
('ChIJhT1xJuhJXhMRB_dOMAB9G8A', 'Tuesday', '15', 62, '2021-12-20 13:01:25'),
('ChIJhT1xJuhJXhMRB_dOMAB9G8A', 'Tuesday', '16', 37, '2021-12-20 13:01:25'),
('ChIJhT1xJuhJXhMRB_dOMAB9G8A', 'Tuesday', '17', 17, '2021-12-20 13:01:25'),
('ChIJhT1xJuhJXhMRB_dOMAB9G8A', 'Tuesday', '18', 14, '2021-12-20 13:01:25'),
('ChIJhT1xJuhJXhMRB_dOMAB9G8A', 'Tuesday', '19', 19, '2021-12-20 13:01:25'),
('ChIJhT1xJuhJXhMRB_dOMAB9G8A', 'Tuesday', '20', 0, '2021-12-20 13:01:25'),
('ChIJhT1xJuhJXhMRB_dOMAB9G8A', 'Tuesday', '21', 0, '2021-12-20 13:01:25'),
('ChIJhT1xJuhJXhMRB_dOMAB9G8A', 'Tuesday', '22', 0, '2021-12-20 13:01:25'),
('ChIJhT1xJuhJXhMRB_dOMAB9G8A', 'Tuesday', '23', 0, '2021-12-20 13:01:25'),
('ChIJhT1xJuhJXhMRB_dOMAB9G8A', 'Wednesday', '0', 0, '2021-12-20 13:01:25'),
('ChIJhT1xJuhJXhMRB_dOMAB9G8A', 'Wednesday', '1', 0, '2021-12-20 13:01:25'),
('ChIJhT1xJuhJXhMRB_dOMAB9G8A', 'Wednesday', '2', 0, '2021-12-20 13:01:25'),
('ChIJhT1xJuhJXhMRB_dOMAB9G8A', 'Wednesday', '3', 0, '2021-12-20 13:01:25'),
('ChIJhT1xJuhJXhMRB_dOMAB9G8A', 'Wednesday', '4', 0, '2021-12-20 13:01:25'),
('ChIJhT1xJuhJXhMRB_dOMAB9G8A', 'Wednesday', '5', 0, '2021-12-20 13:01:25'),
('ChIJhT1xJuhJXhMRB_dOMAB9G8A', 'Wednesday', '6', 0, '2021-12-20 13:01:25'),
('ChIJhT1xJuhJXhMRB_dOMAB9G8A', 'Wednesday', '7', 0, '2021-12-20 13:01:25'),
('ChIJhT1xJuhJXhMRB_dOMAB9G8A', 'Wednesday', '8', 0, '2021-12-20 13:01:25'),
('ChIJhT1xJuhJXhMRB_dOMAB9G8A', 'Wednesday', '9', 0, '2021-12-20 13:01:25'),
('ChIJhT1xJuhJXhMRB_dOMAB9G8A', 'Wednesday', '10', 0, '2021-12-20 13:01:25'),
('ChIJhT1xJuhJXhMRB_dOMAB9G8A', 'Wednesday', '11', 17, '2021-12-20 13:01:25'),
('ChIJhT1xJuhJXhMRB_dOMAB9G8A', 'Wednesday', '12', 37, '2021-12-20 13:01:25'),
('ChIJhT1xJuhJXhMRB_dOMAB9G8A', 'Wednesday', '13', 60, '2021-12-20 13:01:25'),
('ChIJhT1xJuhJXhMRB_dOMAB9G8A', 'Wednesday', '14', 68, '2021-12-20 13:01:25'),
('ChIJhT1xJuhJXhMRB_dOMAB9G8A', 'Wednesday', '15', 53, '2021-12-20 13:01:25'),
('ChIJhT1xJuhJXhMRB_dOMAB9G8A', 'Wednesday', '16', 32, '2021-12-20 13:01:25'),
('ChIJhT1xJuhJXhMRB_dOMAB9G8A', 'Wednesday', '17', 19, '2021-12-20 13:01:25'),
('ChIJhT1xJuhJXhMRB_dOMAB9G8A', 'Wednesday', '18', 12, '2021-12-20 13:01:25'),
('ChIJhT1xJuhJXhMRB_dOMAB9G8A', 'Wednesday', '19', 9, '2021-12-20 13:01:25'),
('ChIJhT1xJuhJXhMRB_dOMAB9G8A', 'Wednesday', '20', 0, '2021-12-20 13:01:25'),
('ChIJhT1xJuhJXhMRB_dOMAB9G8A', 'Wednesday', '21', 0, '2021-12-20 13:01:25'),
('ChIJhT1xJuhJXhMRB_dOMAB9G8A', 'Wednesday', '22', 0, '2021-12-20 13:01:25'),
('ChIJhT1xJuhJXhMRB_dOMAB9G8A', 'Wednesday', '23', 0, '2021-12-20 13:01:25'),
('ChIJLWNTMuhJXhMRc0uCYczaWys', 'Friday', '0', 26, '2021-12-20 13:01:25'),
('ChIJLWNTMuhJXhMRc0uCYczaWys', 'Friday', '1', 15, '2021-12-20 13:01:25');
INSERT INTO `pop` (`id`, `day`, `hour`, `value`, `updated`) VALUES
('ChIJLWNTMuhJXhMRc0uCYczaWys', 'Friday', '2', 0, '2021-12-20 13:01:25'),
('ChIJLWNTMuhJXhMRc0uCYczaWys', 'Friday', '3', 0, '2021-12-20 13:01:25'),
('ChIJLWNTMuhJXhMRc0uCYczaWys', 'Friday', '4', 0, '2021-12-20 13:01:25'),
('ChIJLWNTMuhJXhMRc0uCYczaWys', 'Friday', '5', 0, '2021-12-20 13:01:25'),
('ChIJLWNTMuhJXhMRc0uCYczaWys', 'Friday', '6', 0, '2021-12-20 13:01:25'),
('ChIJLWNTMuhJXhMRc0uCYczaWys', 'Friday', '7', 0, '2021-12-20 13:01:25'),
('ChIJLWNTMuhJXhMRc0uCYczaWys', 'Friday', '8', 4, '2021-12-20 13:01:25'),
('ChIJLWNTMuhJXhMRc0uCYczaWys', 'Friday', '9', 6, '2021-12-20 13:01:25'),
('ChIJLWNTMuhJXhMRc0uCYczaWys', 'Friday', '10', 8, '2021-12-20 13:01:25'),
('ChIJLWNTMuhJXhMRc0uCYczaWys', 'Friday', '11', 9, '2021-12-20 13:01:25'),
('ChIJLWNTMuhJXhMRc0uCYczaWys', 'Friday', '12', 9, '2021-12-20 13:01:25'),
('ChIJLWNTMuhJXhMRc0uCYczaWys', 'Friday', '13', 9, '2021-12-20 13:01:25'),
('ChIJLWNTMuhJXhMRc0uCYczaWys', 'Friday', '14', 8, '2021-12-20 13:01:25'),
('ChIJLWNTMuhJXhMRc0uCYczaWys', 'Friday', '15', 7, '2021-12-20 13:01:25'),
('ChIJLWNTMuhJXhMRc0uCYczaWys', 'Friday', '16', 6, '2021-12-20 13:01:25'),
('ChIJLWNTMuhJXhMRc0uCYczaWys', 'Friday', '17', 6, '2021-12-20 13:01:25'),
('ChIJLWNTMuhJXhMRc0uCYczaWys', 'Friday', '18', 9, '2021-12-20 13:01:25'),
('ChIJLWNTMuhJXhMRc0uCYczaWys', 'Friday', '19', 17, '2021-12-20 13:01:25'),
('ChIJLWNTMuhJXhMRc0uCYczaWys', 'Friday', '20', 32, '2021-12-20 13:01:25'),
('ChIJLWNTMuhJXhMRc0uCYczaWys', 'Friday', '21', 51, '2021-12-20 13:01:25'),
('ChIJLWNTMuhJXhMRc0uCYczaWys', 'Friday', '22', 71, '2021-12-20 13:01:25'),
('ChIJLWNTMuhJXhMRc0uCYczaWys', 'Friday', '23', 83, '2021-12-20 13:01:25'),
('ChIJLWNTMuhJXhMRc0uCYczaWys', 'Monday', '0', 20, '2021-12-20 13:01:25'),
('ChIJLWNTMuhJXhMRc0uCYczaWys', 'Monday', '1', 10, '2021-12-20 13:01:25'),
('ChIJLWNTMuhJXhMRc0uCYczaWys', 'Monday', '2', 0, '2021-12-20 13:01:25'),
('ChIJLWNTMuhJXhMRc0uCYczaWys', 'Monday', '3', 0, '2021-12-20 13:01:25'),
('ChIJLWNTMuhJXhMRc0uCYczaWys', 'Monday', '4', 0, '2021-12-20 13:01:25'),
('ChIJLWNTMuhJXhMRc0uCYczaWys', 'Monday', '5', 0, '2021-12-20 13:01:25'),
('ChIJLWNTMuhJXhMRc0uCYczaWys', 'Monday', '6', 0, '2021-12-20 13:01:25'),
('ChIJLWNTMuhJXhMRc0uCYczaWys', 'Monday', '7', 0, '2021-12-20 13:01:25'),
('ChIJLWNTMuhJXhMRc0uCYczaWys', 'Monday', '8', 0, '2021-12-20 13:01:25'),
('ChIJLWNTMuhJXhMRc0uCYczaWys', 'Monday', '9', 9, '2021-12-20 13:01:25'),
('ChIJLWNTMuhJXhMRc0uCYczaWys', 'Monday', '10', 12, '2021-12-20 13:01:25'),
('ChIJLWNTMuhJXhMRc0uCYczaWys', 'Monday', '11', 15, '2021-12-20 13:01:25'),
('ChIJLWNTMuhJXhMRc0uCYczaWys', 'Monday', '12', 17, '2021-12-20 13:01:25'),
('ChIJLWNTMuhJXhMRc0uCYczaWys', 'Monday', '13', 16, '2021-12-20 13:01:25'),
('ChIJLWNTMuhJXhMRc0uCYczaWys', 'Monday', '14', 13, '2021-12-20 13:01:25'),
('ChIJLWNTMuhJXhMRc0uCYczaWys', 'Monday', '15', 9, '2021-12-20 13:01:25'),
('ChIJLWNTMuhJXhMRc0uCYczaWys', 'Monday', '16', 6, '2021-12-20 13:01:25'),
('ChIJLWNTMuhJXhMRc0uCYczaWys', 'Monday', '17', 5, '2021-12-20 13:01:25'),
('ChIJLWNTMuhJXhMRc0uCYczaWys', 'Monday', '18', 6, '2021-12-20 13:01:25'),
('ChIJLWNTMuhJXhMRc0uCYczaWys', 'Monday', '19', 7, '2021-12-20 13:01:25'),
('ChIJLWNTMuhJXhMRc0uCYczaWys', 'Monday', '20', 7, '2021-12-20 13:01:25'),
('ChIJLWNTMuhJXhMRc0uCYczaWys', 'Monday', '21', 7, '2021-12-20 13:01:25'),
('ChIJLWNTMuhJXhMRc0uCYczaWys', 'Monday', '22', 7, '2021-12-20 13:01:25'),
('ChIJLWNTMuhJXhMRc0uCYczaWys', 'Monday', '23', 6, '2021-12-20 13:01:25'),
('ChIJLWNTMuhJXhMRc0uCYczaWys', 'Saturday', '0', 78, '2021-12-20 13:01:25'),
('ChIJLWNTMuhJXhMRc0uCYczaWys', 'Saturday', '1', 57, '2021-12-20 13:01:25'),
('ChIJLWNTMuhJXhMRc0uCYczaWys', 'Saturday', '2', 0, '2021-12-20 13:01:25'),
('ChIJLWNTMuhJXhMRc0uCYczaWys', 'Saturday', '3', 0, '2021-12-20 13:01:25'),
('ChIJLWNTMuhJXhMRc0uCYczaWys', 'Saturday', '4', 0, '2021-12-20 13:01:25'),
('ChIJLWNTMuhJXhMRc0uCYczaWys', 'Saturday', '5', 0, '2021-12-20 13:01:25'),
('ChIJLWNTMuhJXhMRc0uCYczaWys', 'Saturday', '6', 0, '2021-12-20 13:01:25'),
('ChIJLWNTMuhJXhMRc0uCYczaWys', 'Saturday', '7', 0, '2021-12-20 13:01:25'),
('ChIJLWNTMuhJXhMRc0uCYczaWys', 'Saturday', '8', 10, '2021-12-20 13:01:25'),
('ChIJLWNTMuhJXhMRc0uCYczaWys', 'Saturday', '9', 12, '2021-12-20 13:01:25'),
('ChIJLWNTMuhJXhMRc0uCYczaWys', 'Saturday', '10', 14, '2021-12-20 13:01:25'),
('ChIJLWNTMuhJXhMRc0uCYczaWys', 'Saturday', '11', 14, '2021-12-20 13:01:25'),
('ChIJLWNTMuhJXhMRc0uCYczaWys', 'Saturday', '12', 14, '2021-12-20 13:01:25'),
('ChIJLWNTMuhJXhMRc0uCYczaWys', 'Saturday', '13', 13, '2021-12-20 13:01:25'),
('ChIJLWNTMuhJXhMRc0uCYczaWys', 'Saturday', '14', 11, '2021-12-20 13:01:25'),
('ChIJLWNTMuhJXhMRc0uCYczaWys', 'Saturday', '15', 9, '2021-12-20 13:01:25'),
('ChIJLWNTMuhJXhMRc0uCYczaWys', 'Saturday', '16', 7, '2021-12-20 13:01:25'),
('ChIJLWNTMuhJXhMRc0uCYczaWys', 'Saturday', '17', 6, '2021-12-20 13:01:25'),
('ChIJLWNTMuhJXhMRc0uCYczaWys', 'Saturday', '18', 7, '2021-12-20 13:01:25'),
('ChIJLWNTMuhJXhMRc0uCYczaWys', 'Saturday', '19', 12, '2021-12-20 13:01:25'),
('ChIJLWNTMuhJXhMRc0uCYczaWys', 'Saturday', '20', 27, '2021-12-20 13:01:25'),
('ChIJLWNTMuhJXhMRc0uCYczaWys', 'Saturday', '21', 52, '2021-12-20 13:01:25'),
('ChIJLWNTMuhJXhMRc0uCYczaWys', 'Saturday', '22', 82, '2021-12-20 13:01:25'),
('ChIJLWNTMuhJXhMRc0uCYczaWys', 'Saturday', '23', 100, '2021-12-20 13:01:25'),
('ChIJLWNTMuhJXhMRc0uCYczaWys', 'Sunday', '0', 95, '2021-12-20 13:01:25'),
('ChIJLWNTMuhJXhMRc0uCYczaWys', 'Sunday', '1', 70, '2021-12-20 13:01:25'),
('ChIJLWNTMuhJXhMRc0uCYczaWys', 'Sunday', '2', 0, '2021-12-20 13:01:25'),
('ChIJLWNTMuhJXhMRc0uCYczaWys', 'Sunday', '3', 0, '2021-12-20 13:01:25'),
('ChIJLWNTMuhJXhMRc0uCYczaWys', 'Sunday', '4', 0, '2021-12-20 13:01:25'),
('ChIJLWNTMuhJXhMRc0uCYczaWys', 'Sunday', '5', 0, '2021-12-20 13:01:25'),
('ChIJLWNTMuhJXhMRc0uCYczaWys', 'Sunday', '6', 0, '2021-12-20 13:01:25'),
('ChIJLWNTMuhJXhMRc0uCYczaWys', 'Sunday', '7', 0, '2021-12-20 13:01:25'),
('ChIJLWNTMuhJXhMRc0uCYczaWys', 'Sunday', '8', 0, '2021-12-20 13:01:25'),
('ChIJLWNTMuhJXhMRc0uCYczaWys', 'Sunday', '9', 8, '2021-12-20 13:01:25'),
('ChIJLWNTMuhJXhMRc0uCYczaWys', 'Sunday', '10', 8, '2021-12-20 13:01:25'),
('ChIJLWNTMuhJXhMRc0uCYczaWys', 'Sunday', '11', 9, '2021-12-20 13:01:25'),
('ChIJLWNTMuhJXhMRc0uCYczaWys', 'Sunday', '12', 9, '2021-12-20 13:01:25'),
('ChIJLWNTMuhJXhMRc0uCYczaWys', 'Sunday', '13', 8, '2021-12-20 13:01:25'),
('ChIJLWNTMuhJXhMRc0uCYczaWys', 'Sunday', '14', 8, '2021-12-20 13:01:25'),
('ChIJLWNTMuhJXhMRc0uCYczaWys', 'Sunday', '15', 7, '2021-12-20 13:01:25'),
('ChIJLWNTMuhJXhMRc0uCYczaWys', 'Sunday', '16', 7, '2021-12-20 13:01:25'),
('ChIJLWNTMuhJXhMRc0uCYczaWys', 'Sunday', '17', 7, '2021-12-20 13:01:25'),
('ChIJLWNTMuhJXhMRc0uCYczaWys', 'Sunday', '18', 7, '2021-12-20 13:01:25'),
('ChIJLWNTMuhJXhMRc0uCYczaWys', 'Sunday', '19', 9, '2021-12-20 13:01:25'),
('ChIJLWNTMuhJXhMRc0uCYczaWys', 'Sunday', '20', 17, '2021-12-20 13:01:25'),
('ChIJLWNTMuhJXhMRc0uCYczaWys', 'Sunday', '21', 28, '2021-12-20 13:01:25'),
('ChIJLWNTMuhJXhMRc0uCYczaWys', 'Sunday', '22', 35, '2021-12-20 13:01:25'),
('ChIJLWNTMuhJXhMRc0uCYczaWys', 'Sunday', '23', 31, '2021-12-20 13:01:25'),
('ChIJLWNTMuhJXhMRc0uCYczaWys', 'Thursday', '0', 43, '2021-12-20 13:01:25'),
('ChIJLWNTMuhJXhMRc0uCYczaWys', 'Thursday', '1', 29, '2021-12-20 13:01:25'),
('ChIJLWNTMuhJXhMRc0uCYczaWys', 'Thursday', '2', 0, '2021-12-20 13:01:25'),
('ChIJLWNTMuhJXhMRc0uCYczaWys', 'Thursday', '3', 0, '2021-12-20 13:01:25'),
('ChIJLWNTMuhJXhMRc0uCYczaWys', 'Thursday', '4', 0, '2021-12-20 13:01:25'),
('ChIJLWNTMuhJXhMRc0uCYczaWys', 'Thursday', '5', 0, '2021-12-20 13:01:25'),
('ChIJLWNTMuhJXhMRc0uCYczaWys', 'Thursday', '6', 0, '2021-12-20 13:01:25'),
('ChIJLWNTMuhJXhMRc0uCYczaWys', 'Thursday', '7', 0, '2021-12-20 13:01:25'),
('ChIJLWNTMuhJXhMRc0uCYczaWys', 'Thursday', '8', 0, '2021-12-20 13:01:25'),
('ChIJLWNTMuhJXhMRc0uCYczaWys', 'Thursday', '9', 9, '2021-12-20 13:01:25'),
('ChIJLWNTMuhJXhMRc0uCYczaWys', 'Thursday', '10', 12, '2021-12-20 13:01:25'),
('ChIJLWNTMuhJXhMRc0uCYczaWys', 'Thursday', '11', 15, '2021-12-20 13:01:25'),
('ChIJLWNTMuhJXhMRc0uCYczaWys', 'Thursday', '12', 16, '2021-12-20 13:01:25'),
('ChIJLWNTMuhJXhMRc0uCYczaWys', 'Thursday', '13', 14, '2021-12-20 13:01:25'),
('ChIJLWNTMuhJXhMRc0uCYczaWys', 'Thursday', '14', 10, '2021-12-20 13:01:25'),
('ChIJLWNTMuhJXhMRc0uCYczaWys', 'Thursday', '15', 6, '2021-12-20 13:01:25'),
('ChIJLWNTMuhJXhMRc0uCYczaWys', 'Thursday', '16', 4, '2021-12-20 13:01:25'),
('ChIJLWNTMuhJXhMRc0uCYczaWys', 'Thursday', '17', 5, '2021-12-20 13:01:25'),
('ChIJLWNTMuhJXhMRc0uCYczaWys', 'Thursday', '18', 10, '2021-12-20 13:01:25'),
('ChIJLWNTMuhJXhMRc0uCYczaWys', 'Thursday', '19', 19, '2021-12-20 13:01:25'),
('ChIJLWNTMuhJXhMRc0uCYczaWys', 'Thursday', '20', 30, '2021-12-20 13:01:25'),
('ChIJLWNTMuhJXhMRc0uCYczaWys', 'Thursday', '21', 39, '2021-12-20 13:01:25'),
('ChIJLWNTMuhJXhMRc0uCYczaWys', 'Thursday', '22', 42, '2021-12-20 13:01:25'),
('ChIJLWNTMuhJXhMRc0uCYczaWys', 'Thursday', '23', 37, '2021-12-20 13:01:25'),
('ChIJLWNTMuhJXhMRc0uCYczaWys', 'Tuesday', '0', 6, '2021-12-20 13:01:25'),
('ChIJLWNTMuhJXhMRc0uCYczaWys', 'Tuesday', '1', 6, '2021-12-20 13:01:25'),
('ChIJLWNTMuhJXhMRc0uCYczaWys', 'Tuesday', '2', 0, '2021-12-20 13:01:25'),
('ChIJLWNTMuhJXhMRc0uCYczaWys', 'Tuesday', '3', 0, '2021-12-20 13:01:25'),
('ChIJLWNTMuhJXhMRc0uCYczaWys', 'Tuesday', '4', 0, '2021-12-20 13:01:25'),
('ChIJLWNTMuhJXhMRc0uCYczaWys', 'Tuesday', '5', 0, '2021-12-20 13:01:25'),
('ChIJLWNTMuhJXhMRc0uCYczaWys', 'Tuesday', '6', 0, '2021-12-20 13:01:25'),
('ChIJLWNTMuhJXhMRc0uCYczaWys', 'Tuesday', '7', 0, '2021-12-20 13:01:25'),
('ChIJLWNTMuhJXhMRc0uCYczaWys', 'Tuesday', '8', 0, '2021-12-20 13:01:25'),
('ChIJLWNTMuhJXhMRc0uCYczaWys', 'Tuesday', '9', 10, '2021-12-20 13:01:25'),
('ChIJLWNTMuhJXhMRc0uCYczaWys', 'Tuesday', '10', 11, '2021-12-20 13:01:25'),
('ChIJLWNTMuhJXhMRc0uCYczaWys', 'Tuesday', '11', 12, '2021-12-20 13:01:25'),
('ChIJLWNTMuhJXhMRc0uCYczaWys', 'Tuesday', '12', 12, '2021-12-20 13:01:25'),
('ChIJLWNTMuhJXhMRc0uCYczaWys', 'Tuesday', '13', 11, '2021-12-20 13:01:25'),
('ChIJLWNTMuhJXhMRc0uCYczaWys', 'Tuesday', '14', 10, '2021-12-20 13:01:25'),
('ChIJLWNTMuhJXhMRc0uCYczaWys', 'Tuesday', '15', 9, '2021-12-20 13:01:25'),
('ChIJLWNTMuhJXhMRc0uCYczaWys', 'Tuesday', '16', 8, '2021-12-20 13:01:25'),
('ChIJLWNTMuhJXhMRc0uCYczaWys', 'Tuesday', '17', 8, '2021-12-20 13:01:25'),
('ChIJLWNTMuhJXhMRc0uCYczaWys', 'Tuesday', '18', 10, '2021-12-20 13:01:25'),
('ChIJLWNTMuhJXhMRc0uCYczaWys', 'Tuesday', '19', 14, '2021-12-20 13:01:25'),
('ChIJLWNTMuhJXhMRc0uCYczaWys', 'Tuesday', '20', 21, '2021-12-20 13:01:25'),
('ChIJLWNTMuhJXhMRc0uCYczaWys', 'Tuesday', '21', 27, '2021-12-20 13:01:25'),
('ChIJLWNTMuhJXhMRc0uCYczaWys', 'Tuesday', '22', 31, '2021-12-20 13:01:25'),
('ChIJLWNTMuhJXhMRc0uCYczaWys', 'Tuesday', '23', 30, '2021-12-20 13:01:25'),
('ChIJLWNTMuhJXhMRc0uCYczaWys', 'Wednesday', '0', 25, '2021-12-20 13:01:25'),
('ChIJLWNTMuhJXhMRc0uCYczaWys', 'Wednesday', '1', 18, '2021-12-20 13:01:25'),
('ChIJLWNTMuhJXhMRc0uCYczaWys', 'Wednesday', '2', 0, '2021-12-20 13:01:25'),
('ChIJLWNTMuhJXhMRc0uCYczaWys', 'Wednesday', '3', 0, '2021-12-20 13:01:25'),
('ChIJLWNTMuhJXhMRc0uCYczaWys', 'Wednesday', '4', 0, '2021-12-20 13:01:25'),
('ChIJLWNTMuhJXhMRc0uCYczaWys', 'Wednesday', '5', 0, '2021-12-20 13:01:25'),
('ChIJLWNTMuhJXhMRc0uCYczaWys', 'Wednesday', '6', 0, '2021-12-20 13:01:25'),
('ChIJLWNTMuhJXhMRc0uCYczaWys', 'Wednesday', '7', 0, '2021-12-20 13:01:25'),
('ChIJLWNTMuhJXhMRc0uCYczaWys', 'Wednesday', '8', 0, '2021-12-20 13:01:25'),
('ChIJLWNTMuhJXhMRc0uCYczaWys', 'Wednesday', '9', 11, '2021-12-20 13:01:25'),
('ChIJLWNTMuhJXhMRc0uCYczaWys', 'Wednesday', '10', 12, '2021-12-20 13:01:25'),
('ChIJLWNTMuhJXhMRc0uCYczaWys', 'Wednesday', '11', 13, '2021-12-20 13:01:25'),
('ChIJLWNTMuhJXhMRc0uCYczaWys', 'Wednesday', '12', 12, '2021-12-20 13:01:25'),
('ChIJLWNTMuhJXhMRc0uCYczaWys', 'Wednesday', '13', 11, '2021-12-20 13:01:25'),
('ChIJLWNTMuhJXhMRc0uCYczaWys', 'Wednesday', '14', 9, '2021-12-20 13:01:25'),
('ChIJLWNTMuhJXhMRc0uCYczaWys', 'Wednesday', '15', 7, '2021-12-20 13:01:25'),
('ChIJLWNTMuhJXhMRc0uCYczaWys', 'Wednesday', '16', 5, '2021-12-20 13:01:25'),
('ChIJLWNTMuhJXhMRc0uCYczaWys', 'Wednesday', '17', 4, '2021-12-20 13:01:25'),
('ChIJLWNTMuhJXhMRc0uCYczaWys', 'Wednesday', '18', 3, '2021-12-20 13:01:25'),
('ChIJLWNTMuhJXhMRc0uCYczaWys', 'Wednesday', '19', 6, '2021-12-20 13:01:25'),
('ChIJLWNTMuhJXhMRc0uCYczaWys', 'Wednesday', '20', 13, '2021-12-20 13:01:25'),
('ChIJLWNTMuhJXhMRc0uCYczaWys', 'Wednesday', '21', 27, '2021-12-20 13:01:25'),
('ChIJLWNTMuhJXhMRc0uCYczaWys', 'Wednesday', '22', 42, '2021-12-20 13:01:25'),
('ChIJLWNTMuhJXhMRc0uCYczaWys', 'Wednesday', '23', 50, '2021-12-20 13:01:25'),
('ChIJOeK7WuhJXhMRp1dmjE1OOmo', 'Friday', '0', 0, '2021-12-20 13:01:25'),
('ChIJOeK7WuhJXhMRp1dmjE1OOmo', 'Friday', '1', 0, '2021-12-20 13:01:25'),
('ChIJOeK7WuhJXhMRp1dmjE1OOmo', 'Friday', '2', 0, '2021-12-20 13:01:25'),
('ChIJOeK7WuhJXhMRp1dmjE1OOmo', 'Friday', '3', 0, '2021-12-20 13:01:25'),
('ChIJOeK7WuhJXhMRp1dmjE1OOmo', 'Friday', '4', 0, '2021-12-20 13:01:25'),
('ChIJOeK7WuhJXhMRp1dmjE1OOmo', 'Friday', '5', 0, '2021-12-20 13:01:25'),
('ChIJOeK7WuhJXhMRp1dmjE1OOmo', 'Friday', '6', 0, '2021-12-20 13:01:25'),
('ChIJOeK7WuhJXhMRp1dmjE1OOmo', 'Friday', '7', 0, '2021-12-20 13:01:25'),
('ChIJOeK7WuhJXhMRp1dmjE1OOmo', 'Friday', '8', 16, '2021-12-20 13:01:25'),
('ChIJOeK7WuhJXhMRp1dmjE1OOmo', 'Friday', '9', 50, '2021-12-20 13:01:25'),
('ChIJOeK7WuhJXhMRp1dmjE1OOmo', 'Friday', '10', 75, '2021-12-20 13:01:25'),
('ChIJOeK7WuhJXhMRp1dmjE1OOmo', 'Friday', '11', 69, '2021-12-20 13:01:25'),
('ChIJOeK7WuhJXhMRp1dmjE1OOmo', 'Friday', '12', 64, '2021-12-20 13:01:25'),
('ChIJOeK7WuhJXhMRp1dmjE1OOmo', 'Friday', '13', 54, '2021-12-20 13:01:25'),
('ChIJOeK7WuhJXhMRp1dmjE1OOmo', 'Friday', '14', 30, '2021-12-20 13:01:25'),
('ChIJOeK7WuhJXhMRp1dmjE1OOmo', 'Friday', '15', 0, '2021-12-20 13:01:25'),
('ChIJOeK7WuhJXhMRp1dmjE1OOmo', 'Friday', '16', 0, '2021-12-20 13:01:25'),
('ChIJOeK7WuhJXhMRp1dmjE1OOmo', 'Friday', '17', 24, '2021-12-20 13:01:25'),
('ChIJOeK7WuhJXhMRp1dmjE1OOmo', 'Friday', '18', 32, '2021-12-20 13:01:25'),
('ChIJOeK7WuhJXhMRp1dmjE1OOmo', 'Friday', '19', 32, '2021-12-20 13:01:25'),
('ChIJOeK7WuhJXhMRp1dmjE1OOmo', 'Friday', '20', 24, '2021-12-20 13:01:25'),
('ChIJOeK7WuhJXhMRp1dmjE1OOmo', 'Friday', '21', 0, '2021-12-20 13:01:25'),
('ChIJOeK7WuhJXhMRp1dmjE1OOmo', 'Friday', '22', 0, '2021-12-20 13:01:25'),
('ChIJOeK7WuhJXhMRp1dmjE1OOmo', 'Friday', '23', 0, '2021-12-20 13:01:25'),
('ChIJOeK7WuhJXhMRp1dmjE1OOmo', 'Monday', '0', 0, '2021-12-20 13:01:25'),
('ChIJOeK7WuhJXhMRp1dmjE1OOmo', 'Monday', '1', 0, '2021-12-20 13:01:25'),
('ChIJOeK7WuhJXhMRp1dmjE1OOmo', 'Monday', '2', 0, '2021-12-20 13:01:25'),
('ChIJOeK7WuhJXhMRp1dmjE1OOmo', 'Monday', '3', 0, '2021-12-20 13:01:25'),
('ChIJOeK7WuhJXhMRp1dmjE1OOmo', 'Monday', '4', 0, '2021-12-20 13:01:25'),
('ChIJOeK7WuhJXhMRp1dmjE1OOmo', 'Monday', '5', 0, '2021-12-20 13:01:25'),
('ChIJOeK7WuhJXhMRp1dmjE1OOmo', 'Monday', '6', 0, '2021-12-20 13:01:25'),
('ChIJOeK7WuhJXhMRp1dmjE1OOmo', 'Monday', '7', 0, '2021-12-20 13:01:25'),
('ChIJOeK7WuhJXhMRp1dmjE1OOmo', 'Monday', '8', 35, '2021-12-20 13:01:25'),
('ChIJOeK7WuhJXhMRp1dmjE1OOmo', 'Monday', '9', 81, '2021-12-20 13:01:25'),
('ChIJOeK7WuhJXhMRp1dmjE1OOmo', 'Monday', '10', 84, '2021-12-20 13:01:25'),
('ChIJOeK7WuhJXhMRp1dmjE1OOmo', 'Monday', '11', 50, '2021-12-20 13:01:25'),
('ChIJOeK7WuhJXhMRp1dmjE1OOmo', 'Monday', '12', 52, '2021-12-20 13:01:25'),
('ChIJOeK7WuhJXhMRp1dmjE1OOmo', 'Monday', '13', 66, '2021-12-20 13:01:25'),
('ChIJOeK7WuhJXhMRp1dmjE1OOmo', 'Monday', '14', 37, '2021-12-20 13:01:25'),
('ChIJOeK7WuhJXhMRp1dmjE1OOmo', 'Monday', '15', 0, '2021-12-20 13:01:25'),
('ChIJOeK7WuhJXhMRp1dmjE1OOmo', 'Monday', '16', 0, '2021-12-20 13:01:25'),
('ChIJOeK7WuhJXhMRp1dmjE1OOmo', 'Monday', '17', 0, '2021-12-20 13:01:25'),
('ChIJOeK7WuhJXhMRp1dmjE1OOmo', 'Monday', '18', 0, '2021-12-20 13:01:25'),
('ChIJOeK7WuhJXhMRp1dmjE1OOmo', 'Monday', '19', 0, '2021-12-20 13:01:25'),
('ChIJOeK7WuhJXhMRp1dmjE1OOmo', 'Monday', '20', 0, '2021-12-20 13:01:25'),
('ChIJOeK7WuhJXhMRp1dmjE1OOmo', 'Monday', '21', 0, '2021-12-20 13:01:25'),
('ChIJOeK7WuhJXhMRp1dmjE1OOmo', 'Monday', '22', 0, '2021-12-20 13:01:25'),
('ChIJOeK7WuhJXhMRp1dmjE1OOmo', 'Monday', '23', 0, '2021-12-20 13:01:25'),
('ChIJOeK7WuhJXhMRp1dmjE1OOmo', 'Saturday', '0', 0, '2021-12-20 13:01:25'),
('ChIJOeK7WuhJXhMRp1dmjE1OOmo', 'Saturday', '1', 0, '2021-12-20 13:01:25'),
('ChIJOeK7WuhJXhMRp1dmjE1OOmo', 'Saturday', '2', 0, '2021-12-20 13:01:25'),
('ChIJOeK7WuhJXhMRp1dmjE1OOmo', 'Saturday', '3', 0, '2021-12-20 13:01:25'),
('ChIJOeK7WuhJXhMRp1dmjE1OOmo', 'Saturday', '4', 0, '2021-12-20 13:01:25'),
('ChIJOeK7WuhJXhMRp1dmjE1OOmo', 'Saturday', '5', 0, '2021-12-20 13:01:25'),
('ChIJOeK7WuhJXhMRp1dmjE1OOmo', 'Saturday', '6', 0, '2021-12-20 13:01:25'),
('ChIJOeK7WuhJXhMRp1dmjE1OOmo', 'Saturday', '7', 0, '2021-12-20 13:01:25'),
('ChIJOeK7WuhJXhMRp1dmjE1OOmo', 'Saturday', '8', 16, '2021-12-20 13:01:25'),
('ChIJOeK7WuhJXhMRp1dmjE1OOmo', 'Saturday', '9', 30, '2021-12-20 13:01:25'),
('ChIJOeK7WuhJXhMRp1dmjE1OOmo', 'Saturday', '10', 37, '2021-12-20 13:01:25'),
('ChIJOeK7WuhJXhMRp1dmjE1OOmo', 'Saturday', '11', 43, '2021-12-20 13:01:25'),
('ChIJOeK7WuhJXhMRp1dmjE1OOmo', 'Saturday', '12', 45, '2021-12-20 13:01:25'),
('ChIJOeK7WuhJXhMRp1dmjE1OOmo', 'Saturday', '13', 37, '2021-12-20 13:01:25'),
('ChIJOeK7WuhJXhMRp1dmjE1OOmo', 'Saturday', '14', 20, '2021-12-20 13:01:25'),
('ChIJOeK7WuhJXhMRp1dmjE1OOmo', 'Saturday', '15', 0, '2021-12-20 13:01:25'),
('ChIJOeK7WuhJXhMRp1dmjE1OOmo', 'Saturday', '16', 0, '2021-12-20 13:01:25'),
('ChIJOeK7WuhJXhMRp1dmjE1OOmo', 'Saturday', '17', 0, '2021-12-20 13:01:25'),
('ChIJOeK7WuhJXhMRp1dmjE1OOmo', 'Saturday', '18', 0, '2021-12-20 13:01:25'),
('ChIJOeK7WuhJXhMRp1dmjE1OOmo', 'Saturday', '19', 0, '2021-12-20 13:01:25'),
('ChIJOeK7WuhJXhMRp1dmjE1OOmo', 'Saturday', '20', 0, '2021-12-20 13:01:25'),
('ChIJOeK7WuhJXhMRp1dmjE1OOmo', 'Saturday', '21', 0, '2021-12-20 13:01:25'),
('ChIJOeK7WuhJXhMRp1dmjE1OOmo', 'Saturday', '22', 0, '2021-12-20 13:01:25'),
('ChIJOeK7WuhJXhMRp1dmjE1OOmo', 'Saturday', '23', 0, '2021-12-20 13:01:25'),
('ChIJOeK7WuhJXhMRp1dmjE1OOmo', 'Sunday', '0', 0, '2021-12-20 13:01:25'),
('ChIJOeK7WuhJXhMRp1dmjE1OOmo', 'Sunday', '1', 0, '2021-12-20 13:01:25'),
('ChIJOeK7WuhJXhMRp1dmjE1OOmo', 'Sunday', '2', 0, '2021-12-20 13:01:25'),
('ChIJOeK7WuhJXhMRp1dmjE1OOmo', 'Sunday', '3', 0, '2021-12-20 13:01:25'),
('ChIJOeK7WuhJXhMRp1dmjE1OOmo', 'Sunday', '4', 0, '2021-12-20 13:01:25'),
('ChIJOeK7WuhJXhMRp1dmjE1OOmo', 'Sunday', '5', 0, '2021-12-20 13:01:25'),
('ChIJOeK7WuhJXhMRp1dmjE1OOmo', 'Sunday', '6', 0, '2021-12-20 13:01:25'),
('ChIJOeK7WuhJXhMRp1dmjE1OOmo', 'Sunday', '7', 0, '2021-12-20 13:01:25'),
('ChIJOeK7WuhJXhMRp1dmjE1OOmo', 'Sunday', '8', 0, '2021-12-20 13:01:25'),
('ChIJOeK7WuhJXhMRp1dmjE1OOmo', 'Sunday', '9', 0, '2021-12-20 13:01:25'),
('ChIJOeK7WuhJXhMRp1dmjE1OOmo', 'Sunday', '10', 0, '2021-12-20 13:01:25'),
('ChIJOeK7WuhJXhMRp1dmjE1OOmo', 'Sunday', '11', 0, '2021-12-20 13:01:25'),
('ChIJOeK7WuhJXhMRp1dmjE1OOmo', 'Sunday', '12', 0, '2021-12-20 13:01:25'),
('ChIJOeK7WuhJXhMRp1dmjE1OOmo', 'Sunday', '13', 0, '2021-12-20 13:01:25'),
('ChIJOeK7WuhJXhMRp1dmjE1OOmo', 'Sunday', '14', 0, '2021-12-20 13:01:25'),
('ChIJOeK7WuhJXhMRp1dmjE1OOmo', 'Sunday', '15', 0, '2021-12-20 13:01:25'),
('ChIJOeK7WuhJXhMRp1dmjE1OOmo', 'Sunday', '16', 0, '2021-12-20 13:01:25'),
('ChIJOeK7WuhJXhMRp1dmjE1OOmo', 'Sunday', '17', 0, '2021-12-20 13:01:25'),
('ChIJOeK7WuhJXhMRp1dmjE1OOmo', 'Sunday', '18', 0, '2021-12-20 13:01:25'),
('ChIJOeK7WuhJXhMRp1dmjE1OOmo', 'Sunday', '19', 0, '2021-12-20 13:01:25'),
('ChIJOeK7WuhJXhMRp1dmjE1OOmo', 'Sunday', '20', 0, '2021-12-20 13:01:25'),
('ChIJOeK7WuhJXhMRp1dmjE1OOmo', 'Sunday', '21', 0, '2021-12-20 13:01:25'),
('ChIJOeK7WuhJXhMRp1dmjE1OOmo', 'Sunday', '22', 0, '2021-12-20 13:01:25'),
('ChIJOeK7WuhJXhMRp1dmjE1OOmo', 'Sunday', '23', 0, '2021-12-20 13:01:25'),
('ChIJOeK7WuhJXhMRp1dmjE1OOmo', 'Thursday', '0', 0, '2021-12-20 13:01:25'),
('ChIJOeK7WuhJXhMRp1dmjE1OOmo', 'Thursday', '1', 0, '2021-12-20 13:01:25'),
('ChIJOeK7WuhJXhMRp1dmjE1OOmo', 'Thursday', '2', 0, '2021-12-20 13:01:25'),
('ChIJOeK7WuhJXhMRp1dmjE1OOmo', 'Thursday', '3', 0, '2021-12-20 13:01:25'),
('ChIJOeK7WuhJXhMRp1dmjE1OOmo', 'Thursday', '4', 0, '2021-12-20 13:01:25'),
('ChIJOeK7WuhJXhMRp1dmjE1OOmo', 'Thursday', '5', 0, '2021-12-20 13:01:25'),
('ChIJOeK7WuhJXhMRp1dmjE1OOmo', 'Thursday', '6', 0, '2021-12-20 13:01:25'),
('ChIJOeK7WuhJXhMRp1dmjE1OOmo', 'Thursday', '7', 0, '2021-12-20 13:01:25'),
('ChIJOeK7WuhJXhMRp1dmjE1OOmo', 'Thursday', '8', 32, '2021-12-20 13:01:25'),
('ChIJOeK7WuhJXhMRp1dmjE1OOmo', 'Thursday', '9', 60, '2021-12-20 13:01:25'),
('ChIJOeK7WuhJXhMRp1dmjE1OOmo', 'Thursday', '10', 75, '2021-12-20 13:01:25'),
('ChIJOeK7WuhJXhMRp1dmjE1OOmo', 'Thursday', '11', 67, '2021-12-20 13:01:25'),
('ChIJOeK7WuhJXhMRp1dmjE1OOmo', 'Thursday', '12', 45, '2021-12-20 13:01:25'),
('ChIJOeK7WuhJXhMRp1dmjE1OOmo', 'Thursday', '13', 30, '2021-12-20 13:01:25'),
('ChIJOeK7WuhJXhMRp1dmjE1OOmo', 'Thursday', '14', 24, '2021-12-20 13:01:25'),
('ChIJOeK7WuhJXhMRp1dmjE1OOmo', 'Thursday', '15', 0, '2021-12-20 13:01:25'),
('ChIJOeK7WuhJXhMRp1dmjE1OOmo', 'Thursday', '16', 0, '2021-12-20 13:01:25'),
('ChIJOeK7WuhJXhMRp1dmjE1OOmo', 'Thursday', '17', 32, '2021-12-20 13:01:25'),
('ChIJOeK7WuhJXhMRp1dmjE1OOmo', 'Thursday', '18', 30, '2021-12-20 13:01:25'),
('ChIJOeK7WuhJXhMRp1dmjE1OOmo', 'Thursday', '19', 28, '2021-12-20 13:01:25'),
('ChIJOeK7WuhJXhMRp1dmjE1OOmo', 'Thursday', '20', 22, '2021-12-20 13:01:25'),
('ChIJOeK7WuhJXhMRp1dmjE1OOmo', 'Thursday', '21', 0, '2021-12-20 13:01:25'),
('ChIJOeK7WuhJXhMRp1dmjE1OOmo', 'Thursday', '22', 0, '2021-12-20 13:01:25'),
('ChIJOeK7WuhJXhMRp1dmjE1OOmo', 'Thursday', '23', 0, '2021-12-20 13:01:25'),
('ChIJOeK7WuhJXhMRp1dmjE1OOmo', 'Tuesday', '0', 0, '2021-12-20 13:01:25'),
('ChIJOeK7WuhJXhMRp1dmjE1OOmo', 'Tuesday', '1', 0, '2021-12-20 13:01:25'),
('ChIJOeK7WuhJXhMRp1dmjE1OOmo', 'Tuesday', '2', 0, '2021-12-20 13:01:25'),
('ChIJOeK7WuhJXhMRp1dmjE1OOmo', 'Tuesday', '3', 0, '2021-12-20 13:01:25'),
('ChIJOeK7WuhJXhMRp1dmjE1OOmo', 'Tuesday', '4', 0, '2021-12-20 13:01:25'),
('ChIJOeK7WuhJXhMRp1dmjE1OOmo', 'Tuesday', '5', 0, '2021-12-20 13:01:25'),
('ChIJOeK7WuhJXhMRp1dmjE1OOmo', 'Tuesday', '6', 0, '2021-12-20 13:01:25'),
('ChIJOeK7WuhJXhMRp1dmjE1OOmo', 'Tuesday', '7', 0, '2021-12-20 13:01:25'),
('ChIJOeK7WuhJXhMRp1dmjE1OOmo', 'Tuesday', '8', 20, '2021-12-20 13:01:25'),
('ChIJOeK7WuhJXhMRp1dmjE1OOmo', 'Tuesday', '9', 50, '2021-12-20 13:01:25'),
('ChIJOeK7WuhJXhMRp1dmjE1OOmo', 'Tuesday', '10', 84, '2021-12-20 13:01:25'),
('ChIJOeK7WuhJXhMRp1dmjE1OOmo', 'Tuesday', '11', 100, '2021-12-20 13:01:25'),
('ChIJOeK7WuhJXhMRp1dmjE1OOmo', 'Tuesday', '12', 83, '2021-12-20 13:01:25'),
('ChIJOeK7WuhJXhMRp1dmjE1OOmo', 'Tuesday', '13', 49, '2021-12-20 13:01:25'),
('ChIJOeK7WuhJXhMRp1dmjE1OOmo', 'Tuesday', '14', 22, '2021-12-20 13:01:25'),
('ChIJOeK7WuhJXhMRp1dmjE1OOmo', 'Tuesday', '15', 0, '2021-12-20 13:01:25'),
('ChIJOeK7WuhJXhMRp1dmjE1OOmo', 'Tuesday', '16', 0, '2021-12-20 13:01:25'),
('ChIJOeK7WuhJXhMRp1dmjE1OOmo', 'Tuesday', '17', 22, '2021-12-20 13:01:25'),
('ChIJOeK7WuhJXhMRp1dmjE1OOmo', 'Tuesday', '18', 32, '2021-12-20 13:01:25'),
('ChIJOeK7WuhJXhMRp1dmjE1OOmo', 'Tuesday', '19', 32, '2021-12-20 13:01:25'),
('ChIJOeK7WuhJXhMRp1dmjE1OOmo', 'Tuesday', '20', 20, '2021-12-20 13:01:25'),
('ChIJOeK7WuhJXhMRp1dmjE1OOmo', 'Tuesday', '21', 0, '2021-12-20 13:01:25'),
('ChIJOeK7WuhJXhMRp1dmjE1OOmo', 'Tuesday', '22', 0, '2021-12-20 13:01:25'),
('ChIJOeK7WuhJXhMRp1dmjE1OOmo', 'Tuesday', '23', 0, '2021-12-20 13:01:25'),
('ChIJOeK7WuhJXhMRp1dmjE1OOmo', 'Wednesday', '0', 0, '2021-12-20 13:01:25'),
('ChIJOeK7WuhJXhMRp1dmjE1OOmo', 'Wednesday', '1', 0, '2021-12-20 13:01:25'),
('ChIJOeK7WuhJXhMRp1dmjE1OOmo', 'Wednesday', '2', 0, '2021-12-20 13:01:25'),
('ChIJOeK7WuhJXhMRp1dmjE1OOmo', 'Wednesday', '3', 0, '2021-12-20 13:01:25'),
('ChIJOeK7WuhJXhMRp1dmjE1OOmo', 'Wednesday', '4', 0, '2021-12-20 13:01:25'),
('ChIJOeK7WuhJXhMRp1dmjE1OOmo', 'Wednesday', '5', 0, '2021-12-20 13:01:25'),
('ChIJOeK7WuhJXhMRp1dmjE1OOmo', 'Wednesday', '6', 0, '2021-12-20 13:01:25'),
('ChIJOeK7WuhJXhMRp1dmjE1OOmo', 'Wednesday', '7', 0, '2021-12-20 13:01:25'),
('ChIJOeK7WuhJXhMRp1dmjE1OOmo', 'Wednesday', '8', 45, '2021-12-20 13:01:25'),
('ChIJOeK7WuhJXhMRp1dmjE1OOmo', 'Wednesday', '9', 66, '2021-12-20 13:01:25'),
('ChIJOeK7WuhJXhMRp1dmjE1OOmo', 'Wednesday', '10', 67, '2021-12-20 13:01:25'),
('ChIJOeK7WuhJXhMRp1dmjE1OOmo', 'Wednesday', '11', 84, '2021-12-20 13:01:25'),
('ChIJOeK7WuhJXhMRp1dmjE1OOmo', 'Wednesday', '12', 100, '2021-12-20 13:01:25'),
('ChIJOeK7WuhJXhMRp1dmjE1OOmo', 'Wednesday', '13', 83, '2021-12-20 13:01:25'),
('ChIJOeK7WuhJXhMRp1dmjE1OOmo', 'Wednesday', '14', 45, '2021-12-20 13:01:25'),
('ChIJOeK7WuhJXhMRp1dmjE1OOmo', 'Wednesday', '15', 0, '2021-12-20 13:01:25'),
('ChIJOeK7WuhJXhMRp1dmjE1OOmo', 'Wednesday', '16', 0, '2021-12-20 13:01:25'),
('ChIJOeK7WuhJXhMRp1dmjE1OOmo', 'Wednesday', '17', 0, '2021-12-20 13:01:25'),
('ChIJOeK7WuhJXhMRp1dmjE1OOmo', 'Wednesday', '18', 0, '2021-12-20 13:01:25'),
('ChIJOeK7WuhJXhMRp1dmjE1OOmo', 'Wednesday', '19', 0, '2021-12-20 13:01:25'),
('ChIJOeK7WuhJXhMRp1dmjE1OOmo', 'Wednesday', '20', 0, '2021-12-20 13:01:25'),
('ChIJOeK7WuhJXhMRp1dmjE1OOmo', 'Wednesday', '21', 0, '2021-12-20 13:01:25'),
('ChIJOeK7WuhJXhMRp1dmjE1OOmo', 'Wednesday', '22', 0, '2021-12-20 13:01:25'),
('ChIJOeK7WuhJXhMRp1dmjE1OOmo', 'Wednesday', '23', 0, '2021-12-20 13:01:25'),
('ChIJSap7relJXhMRUkopSQsXwuI', 'Friday', '0', 0, '2021-12-20 13:01:25'),
('ChIJSap7relJXhMRUkopSQsXwuI', 'Friday', '1', 0, '2021-12-20 13:01:25'),
('ChIJSap7relJXhMRUkopSQsXwuI', 'Friday', '2', 0, '2021-12-20 13:01:25'),
('ChIJSap7relJXhMRUkopSQsXwuI', 'Friday', '3', 0, '2021-12-20 13:01:25'),
('ChIJSap7relJXhMRUkopSQsXwuI', 'Friday', '4', 0, '2021-12-20 13:01:25'),
('ChIJSap7relJXhMRUkopSQsXwuI', 'Friday', '5', 0, '2021-12-20 13:01:25'),
('ChIJSap7relJXhMRUkopSQsXwuI', 'Friday', '6', 0, '2021-12-20 13:01:25'),
('ChIJSap7relJXhMRUkopSQsXwuI', 'Friday', '7', 0, '2021-12-20 13:01:25'),
('ChIJSap7relJXhMRUkopSQsXwuI', 'Friday', '8', 0, '2021-12-20 13:01:25'),
('ChIJSap7relJXhMRUkopSQsXwuI', 'Friday', '9', 30, '2021-12-20 13:01:25'),
('ChIJSap7relJXhMRUkopSQsXwuI', 'Friday', '10', 57, '2021-12-20 13:01:25'),
('ChIJSap7relJXhMRUkopSQsXwuI', 'Friday', '11', 73, '2021-12-20 13:01:25'),
('ChIJSap7relJXhMRUkopSQsXwuI', 'Friday', '12', 71, '2021-12-20 13:01:25'),
('ChIJSap7relJXhMRUkopSQsXwuI', 'Friday', '13', 50, '2021-12-20 13:01:25'),
('ChIJSap7relJXhMRUkopSQsXwuI', 'Friday', '14', 0, '2021-12-20 13:01:25'),
('ChIJSap7relJXhMRUkopSQsXwuI', 'Friday', '15', 0, '2021-12-20 13:01:25'),
('ChIJSap7relJXhMRUkopSQsXwuI', 'Friday', '16', 0, '2021-12-20 13:01:25'),
('ChIJSap7relJXhMRUkopSQsXwuI', 'Friday', '17', 21, '2021-12-20 13:01:25'),
('ChIJSap7relJXhMRUkopSQsXwuI', 'Friday', '18', 26, '2021-12-20 13:01:25'),
('ChIJSap7relJXhMRUkopSQsXwuI', 'Friday', '19', 26, '2021-12-20 13:01:25'),
('ChIJSap7relJXhMRUkopSQsXwuI', 'Friday', '20', 23, '2021-12-20 13:01:25'),
('ChIJSap7relJXhMRUkopSQsXwuI', 'Friday', '21', 0, '2021-12-20 13:01:25'),
('ChIJSap7relJXhMRUkopSQsXwuI', 'Friday', '22', 0, '2021-12-20 13:01:25'),
('ChIJSap7relJXhMRUkopSQsXwuI', 'Friday', '23', 0, '2021-12-20 13:01:25'),
('ChIJSap7relJXhMRUkopSQsXwuI', 'Monday', '0', 0, '2021-12-20 13:01:25'),
('ChIJSap7relJXhMRUkopSQsXwuI', 'Monday', '1', 0, '2021-12-20 13:01:25'),
('ChIJSap7relJXhMRUkopSQsXwuI', 'Monday', '2', 0, '2021-12-20 13:01:25'),
('ChIJSap7relJXhMRUkopSQsXwuI', 'Monday', '3', 0, '2021-12-20 13:01:25'),
('ChIJSap7relJXhMRUkopSQsXwuI', 'Monday', '4', 0, '2021-12-20 13:01:25'),
('ChIJSap7relJXhMRUkopSQsXwuI', 'Monday', '5', 0, '2021-12-20 13:01:25'),
('ChIJSap7relJXhMRUkopSQsXwuI', 'Monday', '6', 0, '2021-12-20 13:01:25'),
('ChIJSap7relJXhMRUkopSQsXwuI', 'Monday', '7', 0, '2021-12-20 13:01:25'),
('ChIJSap7relJXhMRUkopSQsXwuI', 'Monday', '8', 0, '2021-12-20 13:01:25'),
('ChIJSap7relJXhMRUkopSQsXwuI', 'Monday', '9', 14, '2021-12-20 13:01:25'),
('ChIJSap7relJXhMRUkopSQsXwuI', 'Monday', '10', 59, '2021-12-20 13:01:25'),
('ChIJSap7relJXhMRUkopSQsXwuI', 'Monday', '11', 54, '2021-12-20 13:01:25'),
('ChIJSap7relJXhMRUkopSQsXwuI', 'Monday', '12', 59, '2021-12-20 13:01:25'),
('ChIJSap7relJXhMRUkopSQsXwuI', 'Monday', '13', 64, '2021-12-20 13:01:25'),
('ChIJSap7relJXhMRUkopSQsXwuI', 'Monday', '14', 28, '2021-12-20 13:01:25'),
('ChIJSap7relJXhMRUkopSQsXwuI', 'Monday', '15', 0, '2021-12-20 13:01:25'),
('ChIJSap7relJXhMRUkopSQsXwuI', 'Monday', '16', 0, '2021-12-20 13:01:25'),
('ChIJSap7relJXhMRUkopSQsXwuI', 'Monday', '17', 0, '2021-12-20 13:01:25'),
('ChIJSap7relJXhMRUkopSQsXwuI', 'Monday', '18', 0, '2021-12-20 13:01:25'),
('ChIJSap7relJXhMRUkopSQsXwuI', 'Monday', '19', 0, '2021-12-20 13:01:25'),
('ChIJSap7relJXhMRUkopSQsXwuI', 'Monday', '20', 0, '2021-12-20 13:01:25'),
('ChIJSap7relJXhMRUkopSQsXwuI', 'Monday', '21', 0, '2021-12-20 13:01:25'),
('ChIJSap7relJXhMRUkopSQsXwuI', 'Monday', '22', 0, '2021-12-20 13:01:25'),
('ChIJSap7relJXhMRUkopSQsXwuI', 'Monday', '23', 0, '2021-12-20 13:01:25'),
('ChIJSap7relJXhMRUkopSQsXwuI', 'Saturday', '0', 0, '2021-12-20 13:01:25'),
('ChIJSap7relJXhMRUkopSQsXwuI', 'Saturday', '1', 0, '2021-12-20 13:01:25'),
('ChIJSap7relJXhMRUkopSQsXwuI', 'Saturday', '2', 0, '2021-12-20 13:01:25'),
('ChIJSap7relJXhMRUkopSQsXwuI', 'Saturday', '3', 0, '2021-12-20 13:01:25'),
('ChIJSap7relJXhMRUkopSQsXwuI', 'Saturday', '4', 0, '2021-12-20 13:01:25'),
('ChIJSap7relJXhMRUkopSQsXwuI', 'Saturday', '5', 0, '2021-12-20 13:01:25'),
('ChIJSap7relJXhMRUkopSQsXwuI', 'Saturday', '6', 0, '2021-12-20 13:01:25'),
('ChIJSap7relJXhMRUkopSQsXwuI', 'Saturday', '7', 0, '2021-12-20 13:01:25'),
('ChIJSap7relJXhMRUkopSQsXwuI', 'Saturday', '8', 0, '2021-12-20 13:01:25'),
('ChIJSap7relJXhMRUkopSQsXwuI', 'Saturday', '9', 40, '2021-12-20 13:01:25'),
('ChIJSap7relJXhMRUkopSQsXwuI', 'Saturday', '10', 73, '2021-12-20 13:01:25'),
('ChIJSap7relJXhMRUkopSQsXwuI', 'Saturday', '11', 97, '2021-12-20 13:01:25'),
('ChIJSap7relJXhMRUkopSQsXwuI', 'Saturday', '12', 97, '2021-12-20 13:01:25'),
('ChIJSap7relJXhMRUkopSQsXwuI', 'Saturday', '13', 73, '2021-12-20 13:01:25'),
('ChIJSap7relJXhMRUkopSQsXwuI', 'Saturday', '14', 40, '2021-12-20 13:01:25'),
('ChIJSap7relJXhMRUkopSQsXwuI', 'Saturday', '15', 0, '2021-12-20 13:01:25'),
('ChIJSap7relJXhMRUkopSQsXwuI', 'Saturday', '16', 0, '2021-12-20 13:01:25'),
('ChIJSap7relJXhMRUkopSQsXwuI', 'Saturday', '17', 0, '2021-12-20 13:01:25'),
('ChIJSap7relJXhMRUkopSQsXwuI', 'Saturday', '18', 0, '2021-12-20 13:01:25'),
('ChIJSap7relJXhMRUkopSQsXwuI', 'Saturday', '19', 0, '2021-12-20 13:01:25'),
('ChIJSap7relJXhMRUkopSQsXwuI', 'Saturday', '20', 0, '2021-12-20 13:01:25'),
('ChIJSap7relJXhMRUkopSQsXwuI', 'Saturday', '21', 0, '2021-12-20 13:01:25'),
('ChIJSap7relJXhMRUkopSQsXwuI', 'Saturday', '22', 0, '2021-12-20 13:01:25'),
('ChIJSap7relJXhMRUkopSQsXwuI', 'Saturday', '23', 0, '2021-12-20 13:01:25'),
('ChIJSap7relJXhMRUkopSQsXwuI', 'Sunday', '0', 0, '2021-12-20 13:01:25'),
('ChIJSap7relJXhMRUkopSQsXwuI', 'Sunday', '1', 0, '2021-12-20 13:01:25'),
('ChIJSap7relJXhMRUkopSQsXwuI', 'Sunday', '2', 0, '2021-12-20 13:01:25'),
('ChIJSap7relJXhMRUkopSQsXwuI', 'Sunday', '3', 0, '2021-12-20 13:01:25'),
('ChIJSap7relJXhMRUkopSQsXwuI', 'Sunday', '4', 0, '2021-12-20 13:01:25'),
('ChIJSap7relJXhMRUkopSQsXwuI', 'Sunday', '5', 0, '2021-12-20 13:01:25'),
('ChIJSap7relJXhMRUkopSQsXwuI', 'Sunday', '6', 0, '2021-12-20 13:01:25'),
('ChIJSap7relJXhMRUkopSQsXwuI', 'Sunday', '7', 0, '2021-12-20 13:01:25'),
('ChIJSap7relJXhMRUkopSQsXwuI', 'Sunday', '8', 0, '2021-12-20 13:01:25'),
('ChIJSap7relJXhMRUkopSQsXwuI', 'Sunday', '9', 0, '2021-12-20 13:01:25'),
('ChIJSap7relJXhMRUkopSQsXwuI', 'Sunday', '10', 0, '2021-12-20 13:01:25'),
('ChIJSap7relJXhMRUkopSQsXwuI', 'Sunday', '11', 0, '2021-12-20 13:01:25'),
('ChIJSap7relJXhMRUkopSQsXwuI', 'Sunday', '12', 0, '2021-12-20 13:01:25'),
('ChIJSap7relJXhMRUkopSQsXwuI', 'Sunday', '13', 0, '2021-12-20 13:01:25'),
('ChIJSap7relJXhMRUkopSQsXwuI', 'Sunday', '14', 0, '2021-12-20 13:01:25'),
('ChIJSap7relJXhMRUkopSQsXwuI', 'Sunday', '15', 0, '2021-12-20 13:01:25'),
('ChIJSap7relJXhMRUkopSQsXwuI', 'Sunday', '16', 0, '2021-12-20 13:01:25'),
('ChIJSap7relJXhMRUkopSQsXwuI', 'Sunday', '17', 0, '2021-12-20 13:01:25'),
('ChIJSap7relJXhMRUkopSQsXwuI', 'Sunday', '18', 0, '2021-12-20 13:01:25'),
('ChIJSap7relJXhMRUkopSQsXwuI', 'Sunday', '19', 0, '2021-12-20 13:01:25'),
('ChIJSap7relJXhMRUkopSQsXwuI', 'Sunday', '20', 0, '2021-12-20 13:01:25'),
('ChIJSap7relJXhMRUkopSQsXwuI', 'Sunday', '21', 0, '2021-12-20 13:01:25'),
('ChIJSap7relJXhMRUkopSQsXwuI', 'Sunday', '22', 0, '2021-12-20 13:01:25'),
('ChIJSap7relJXhMRUkopSQsXwuI', 'Sunday', '23', 0, '2021-12-20 13:01:25'),
('ChIJSap7relJXhMRUkopSQsXwuI', 'Thursday', '0', 0, '2021-12-20 13:01:25'),
('ChIJSap7relJXhMRUkopSQsXwuI', 'Thursday', '1', 0, '2021-12-20 13:01:25'),
('ChIJSap7relJXhMRUkopSQsXwuI', 'Thursday', '2', 0, '2021-12-20 13:01:25'),
('ChIJSap7relJXhMRUkopSQsXwuI', 'Thursday', '3', 0, '2021-12-20 13:01:25'),
('ChIJSap7relJXhMRUkopSQsXwuI', 'Thursday', '4', 0, '2021-12-20 13:01:25'),
('ChIJSap7relJXhMRUkopSQsXwuI', 'Thursday', '5', 0, '2021-12-20 13:01:25'),
('ChIJSap7relJXhMRUkopSQsXwuI', 'Thursday', '6', 0, '2021-12-20 13:01:25'),
('ChIJSap7relJXhMRUkopSQsXwuI', 'Thursday', '7', 0, '2021-12-20 13:01:25'),
('ChIJSap7relJXhMRUkopSQsXwuI', 'Thursday', '8', 0, '2021-12-20 13:01:25'),
('ChIJSap7relJXhMRUkopSQsXwuI', 'Thursday', '9', 7, '2021-12-20 13:01:25'),
('ChIJSap7relJXhMRUkopSQsXwuI', 'Thursday', '10', 21, '2021-12-20 13:01:25'),
('ChIJSap7relJXhMRUkopSQsXwuI', 'Thursday', '11', 57, '2021-12-20 13:01:25'),
('ChIJSap7relJXhMRUkopSQsXwuI', 'Thursday', '12', 92, '2021-12-20 13:01:25'),
('ChIJSap7relJXhMRUkopSQsXwuI', 'Thursday', '13', 88, '2021-12-20 13:01:25'),
('ChIJSap7relJXhMRUkopSQsXwuI', 'Thursday', '14', 0, '2021-12-20 13:01:25'),
('ChIJSap7relJXhMRUkopSQsXwuI', 'Thursday', '15', 0, '2021-12-20 13:01:25'),
('ChIJSap7relJXhMRUkopSQsXwuI', 'Thursday', '16', 0, '2021-12-20 13:01:25'),
('ChIJSap7relJXhMRUkopSQsXwuI', 'Thursday', '17', 54, '2021-12-20 13:01:25'),
('ChIJSap7relJXhMRUkopSQsXwuI', 'Thursday', '18', 64, '2021-12-20 13:01:25'),
('ChIJSap7relJXhMRUkopSQsXwuI', 'Thursday', '19', 40, '2021-12-20 13:01:25'),
('ChIJSap7relJXhMRUkopSQsXwuI', 'Thursday', '20', 14, '2021-12-20 13:01:25'),
('ChIJSap7relJXhMRUkopSQsXwuI', 'Thursday', '21', 0, '2021-12-20 13:01:25'),
('ChIJSap7relJXhMRUkopSQsXwuI', 'Thursday', '22', 0, '2021-12-20 13:01:25'),
('ChIJSap7relJXhMRUkopSQsXwuI', 'Thursday', '23', 0, '2021-12-20 13:01:25'),
('ChIJSap7relJXhMRUkopSQsXwuI', 'Tuesday', '0', 0, '2021-12-20 13:01:25'),
('ChIJSap7relJXhMRUkopSQsXwuI', 'Tuesday', '1', 0, '2021-12-20 13:01:25'),
('ChIJSap7relJXhMRUkopSQsXwuI', 'Tuesday', '2', 0, '2021-12-20 13:01:25'),
('ChIJSap7relJXhMRUkopSQsXwuI', 'Tuesday', '3', 0, '2021-12-20 13:01:25'),
('ChIJSap7relJXhMRUkopSQsXwuI', 'Tuesday', '4', 0, '2021-12-20 13:01:25'),
('ChIJSap7relJXhMRUkopSQsXwuI', 'Tuesday', '5', 0, '2021-12-20 13:01:25'),
('ChIJSap7relJXhMRUkopSQsXwuI', 'Tuesday', '6', 0, '2021-12-20 13:01:25'),
('ChIJSap7relJXhMRUkopSQsXwuI', 'Tuesday', '7', 0, '2021-12-20 13:01:25'),
('ChIJSap7relJXhMRUkopSQsXwuI', 'Tuesday', '8', 0, '2021-12-20 13:01:25'),
('ChIJSap7relJXhMRUkopSQsXwuI', 'Tuesday', '9', 9, '2021-12-20 13:01:25'),
('ChIJSap7relJXhMRUkopSQsXwuI', 'Tuesday', '10', 52, '2021-12-20 13:01:25'),
('ChIJSap7relJXhMRUkopSQsXwuI', 'Tuesday', '11', 80, '2021-12-20 13:01:25'),
('ChIJSap7relJXhMRUkopSQsXwuI', 'Tuesday', '12', 95, '2021-12-20 13:01:25'),
('ChIJSap7relJXhMRUkopSQsXwuI', 'Tuesday', '13', 95, '2021-12-20 13:01:25'),
('ChIJSap7relJXhMRUkopSQsXwuI', 'Tuesday', '14', 0, '2021-12-20 13:01:25'),
('ChIJSap7relJXhMRUkopSQsXwuI', 'Tuesday', '15', 0, '2021-12-20 13:01:25'),
('ChIJSap7relJXhMRUkopSQsXwuI', 'Tuesday', '16', 0, '2021-12-20 13:01:25'),
('ChIJSap7relJXhMRUkopSQsXwuI', 'Tuesday', '17', 28, '2021-12-20 13:01:25'),
('ChIJSap7relJXhMRUkopSQsXwuI', 'Tuesday', '18', 64, '2021-12-20 13:01:25'),
('ChIJSap7relJXhMRUkopSQsXwuI', 'Tuesday', '19', 59, '2021-12-20 13:01:25'),
('ChIJSap7relJXhMRUkopSQsXwuI', 'Tuesday', '20', 21, '2021-12-20 13:01:25'),
('ChIJSap7relJXhMRUkopSQsXwuI', 'Tuesday', '21', 0, '2021-12-20 13:01:25'),
('ChIJSap7relJXhMRUkopSQsXwuI', 'Tuesday', '22', 0, '2021-12-20 13:01:25'),
('ChIJSap7relJXhMRUkopSQsXwuI', 'Tuesday', '23', 0, '2021-12-20 13:01:25'),
('ChIJSap7relJXhMRUkopSQsXwuI', 'Wednesday', '0', 0, '2021-12-20 13:01:25'),
('ChIJSap7relJXhMRUkopSQsXwuI', 'Wednesday', '1', 0, '2021-12-20 13:01:25'),
('ChIJSap7relJXhMRUkopSQsXwuI', 'Wednesday', '2', 0, '2021-12-20 13:01:25'),
('ChIJSap7relJXhMRUkopSQsXwuI', 'Wednesday', '3', 0, '2021-12-20 13:01:25'),
('ChIJSap7relJXhMRUkopSQsXwuI', 'Wednesday', '4', 0, '2021-12-20 13:01:25'),
('ChIJSap7relJXhMRUkopSQsXwuI', 'Wednesday', '5', 0, '2021-12-20 13:01:25'),
('ChIJSap7relJXhMRUkopSQsXwuI', 'Wednesday', '6', 0, '2021-12-20 13:01:25'),
('ChIJSap7relJXhMRUkopSQsXwuI', 'Wednesday', '7', 0, '2021-12-20 13:01:25'),
('ChIJSap7relJXhMRUkopSQsXwuI', 'Wednesday', '8', 0, '2021-12-20 13:01:25'),
('ChIJSap7relJXhMRUkopSQsXwuI', 'Wednesday', '9', 19, '2021-12-20 13:01:25'),
('ChIJSap7relJXhMRUkopSQsXwuI', 'Wednesday', '10', 52, '2021-12-20 13:01:25'),
('ChIJSap7relJXhMRUkopSQsXwuI', 'Wednesday', '11', 88, '2021-12-20 13:01:25'),
('ChIJSap7relJXhMRUkopSQsXwuI', 'Wednesday', '12', 100, '2021-12-20 13:01:25'),
('ChIJSap7relJXhMRUkopSQsXwuI', 'Wednesday', '13', 78, '2021-12-20 13:01:25'),
('ChIJSap7relJXhMRUkopSQsXwuI', 'Wednesday', '14', 40, '2021-12-20 13:01:25'),
('ChIJSap7relJXhMRUkopSQsXwuI', 'Wednesday', '15', 0, '2021-12-20 13:01:25'),
('ChIJSap7relJXhMRUkopSQsXwuI', 'Wednesday', '16', 0, '2021-12-20 13:01:25'),
('ChIJSap7relJXhMRUkopSQsXwuI', 'Wednesday', '17', 0, '2021-12-20 13:01:25'),
('ChIJSap7relJXhMRUkopSQsXwuI', 'Wednesday', '18', 0, '2021-12-20 13:01:25'),
('ChIJSap7relJXhMRUkopSQsXwuI', 'Wednesday', '19', 0, '2021-12-20 13:01:25'),
('ChIJSap7relJXhMRUkopSQsXwuI', 'Wednesday', '20', 0, '2021-12-20 13:01:25'),
('ChIJSap7relJXhMRUkopSQsXwuI', 'Wednesday', '21', 0, '2021-12-20 13:01:25'),
('ChIJSap7relJXhMRUkopSQsXwuI', 'Wednesday', '22', 0, '2021-12-20 13:01:25'),
('ChIJSap7relJXhMRUkopSQsXwuI', 'Wednesday', '23', 0, '2021-12-20 13:01:25'),
('ChIJYW7ZL-hJXhMR9ve2dpMf5Io', 'Friday', '0', 0, '2021-12-20 13:01:25'),
('ChIJYW7ZL-hJXhMR9ve2dpMf5Io', 'Friday', '1', 0, '2021-12-20 13:01:25'),
('ChIJYW7ZL-hJXhMR9ve2dpMf5Io', 'Friday', '2', 0, '2021-12-20 13:01:25'),
('ChIJYW7ZL-hJXhMR9ve2dpMf5Io', 'Friday', '3', 0, '2021-12-20 13:01:25'),
('ChIJYW7ZL-hJXhMR9ve2dpMf5Io', 'Friday', '4', 0, '2021-12-20 13:01:25'),
('ChIJYW7ZL-hJXhMR9ve2dpMf5Io', 'Friday', '5', 0, '2021-12-20 13:01:25'),
('ChIJYW7ZL-hJXhMR9ve2dpMf5Io', 'Friday', '6', 0, '2021-12-20 13:01:25'),
('ChIJYW7ZL-hJXhMR9ve2dpMf5Io', 'Friday', '7', 19, '2021-12-20 13:01:25'),
('ChIJYW7ZL-hJXhMR9ve2dpMf5Io', 'Friday', '8', 44, '2021-12-20 13:01:25'),
('ChIJYW7ZL-hJXhMR9ve2dpMf5Io', 'Friday', '9', 51, '2021-12-20 13:01:25'),
('ChIJYW7ZL-hJXhMR9ve2dpMf5Io', 'Friday', '10', 49, '2021-12-20 13:01:25'),
('ChIJYW7ZL-hJXhMR9ve2dpMf5Io', 'Friday', '11', 66, '2021-12-20 13:01:25'),
('ChIJYW7ZL-hJXhMR9ve2dpMf5Io', 'Friday', '12', 92, '2021-12-20 13:01:25'),
('ChIJYW7ZL-hJXhMR9ve2dpMf5Io', 'Friday', '13', 90, '2021-12-20 13:01:25'),
('ChIJYW7ZL-hJXhMR9ve2dpMf5Io', 'Friday', '14', 60, '2021-12-20 13:01:25'),
('ChIJYW7ZL-hJXhMR9ve2dpMf5Io', 'Friday', '15', 0, '2021-12-20 13:01:25'),
('ChIJYW7ZL-hJXhMR9ve2dpMf5Io', 'Friday', '16', 0, '2021-12-20 13:01:25'),
('ChIJYW7ZL-hJXhMR9ve2dpMf5Io', 'Friday', '17', 0, '2021-12-20 13:01:25'),
('ChIJYW7ZL-hJXhMR9ve2dpMf5Io', 'Friday', '18', 0, '2021-12-20 13:01:25'),
('ChIJYW7ZL-hJXhMR9ve2dpMf5Io', 'Friday', '19', 0, '2021-12-20 13:01:25'),
('ChIJYW7ZL-hJXhMR9ve2dpMf5Io', 'Friday', '20', 0, '2021-12-20 13:01:25'),
('ChIJYW7ZL-hJXhMR9ve2dpMf5Io', 'Friday', '21', 0, '2021-12-20 13:01:25'),
('ChIJYW7ZL-hJXhMR9ve2dpMf5Io', 'Friday', '22', 0, '2021-12-20 13:01:25'),
('ChIJYW7ZL-hJXhMR9ve2dpMf5Io', 'Friday', '23', 0, '2021-12-20 13:01:25'),
('ChIJYW7ZL-hJXhMR9ve2dpMf5Io', 'Monday', '0', 0, '2021-12-20 13:01:25'),
('ChIJYW7ZL-hJXhMR9ve2dpMf5Io', 'Monday', '1', 0, '2021-12-20 13:01:25'),
('ChIJYW7ZL-hJXhMR9ve2dpMf5Io', 'Monday', '2', 0, '2021-12-20 13:01:25'),
('ChIJYW7ZL-hJXhMR9ve2dpMf5Io', 'Monday', '3', 0, '2021-12-20 13:01:25'),
('ChIJYW7ZL-hJXhMR9ve2dpMf5Io', 'Monday', '4', 0, '2021-12-20 13:01:25'),
('ChIJYW7ZL-hJXhMR9ve2dpMf5Io', 'Monday', '5', 0, '2021-12-20 13:01:25'),
('ChIJYW7ZL-hJXhMR9ve2dpMf5Io', 'Monday', '6', 0, '2021-12-20 13:01:25'),
('ChIJYW7ZL-hJXhMR9ve2dpMf5Io', 'Monday', '7', 22, '2021-12-20 13:01:25'),
('ChIJYW7ZL-hJXhMR9ve2dpMf5Io', 'Monday', '8', 47, '2021-12-20 13:01:25'),
('ChIJYW7ZL-hJXhMR9ve2dpMf5Io', 'Monday', '9', 71, '2021-12-20 13:01:25'),
('ChIJYW7ZL-hJXhMR9ve2dpMf5Io', 'Monday', '10', 83, '2021-12-20 13:01:25'),
('ChIJYW7ZL-hJXhMR9ve2dpMf5Io', 'Monday', '11', 89, '2021-12-20 13:01:25'),
('ChIJYW7ZL-hJXhMR9ve2dpMf5Io', 'Monday', '12', 90, '2021-12-20 13:01:25'),
('ChIJYW7ZL-hJXhMR9ve2dpMf5Io', 'Monday', '13', 80, '2021-12-20 13:01:25'),
('ChIJYW7ZL-hJXhMR9ve2dpMf5Io', 'Monday', '14', 58, '2021-12-20 13:01:25'),
('ChIJYW7ZL-hJXhMR9ve2dpMf5Io', 'Monday', '15', 0, '2021-12-20 13:01:25'),
('ChIJYW7ZL-hJXhMR9ve2dpMf5Io', 'Monday', '16', 0, '2021-12-20 13:01:25'),
('ChIJYW7ZL-hJXhMR9ve2dpMf5Io', 'Monday', '17', 0, '2021-12-20 13:01:25'),
('ChIJYW7ZL-hJXhMR9ve2dpMf5Io', 'Monday', '18', 0, '2021-12-20 13:01:25'),
('ChIJYW7ZL-hJXhMR9ve2dpMf5Io', 'Monday', '19', 0, '2021-12-20 13:01:25'),
('ChIJYW7ZL-hJXhMR9ve2dpMf5Io', 'Monday', '20', 0, '2021-12-20 13:01:25'),
('ChIJYW7ZL-hJXhMR9ve2dpMf5Io', 'Monday', '21', 0, '2021-12-20 13:01:25'),
('ChIJYW7ZL-hJXhMR9ve2dpMf5Io', 'Monday', '22', 0, '2021-12-20 13:01:25'),
('ChIJYW7ZL-hJXhMR9ve2dpMf5Io', 'Monday', '23', 0, '2021-12-20 13:01:25'),
('ChIJYW7ZL-hJXhMR9ve2dpMf5Io', 'Saturday', '0', 0, '2021-12-20 13:01:25'),
('ChIJYW7ZL-hJXhMR9ve2dpMf5Io', 'Saturday', '1', 0, '2021-12-20 13:01:25'),
('ChIJYW7ZL-hJXhMR9ve2dpMf5Io', 'Saturday', '2', 0, '2021-12-20 13:01:25'),
('ChIJYW7ZL-hJXhMR9ve2dpMf5Io', 'Saturday', '3', 0, '2021-12-20 13:01:25'),
('ChIJYW7ZL-hJXhMR9ve2dpMf5Io', 'Saturday', '4', 0, '2021-12-20 13:01:25'),
('ChIJYW7ZL-hJXhMR9ve2dpMf5Io', 'Saturday', '5', 0, '2021-12-20 13:01:25'),
('ChIJYW7ZL-hJXhMR9ve2dpMf5Io', 'Saturday', '6', 0, '2021-12-20 13:01:25'),
('ChIJYW7ZL-hJXhMR9ve2dpMf5Io', 'Saturday', '7', 0, '2021-12-20 13:01:25'),
('ChIJYW7ZL-hJXhMR9ve2dpMf5Io', 'Saturday', '8', 0, '2021-12-20 13:01:25'),
('ChIJYW7ZL-hJXhMR9ve2dpMf5Io', 'Saturday', '9', 0, '2021-12-20 13:01:25'),
('ChIJYW7ZL-hJXhMR9ve2dpMf5Io', 'Saturday', '10', 0, '2021-12-20 13:01:25'),
('ChIJYW7ZL-hJXhMR9ve2dpMf5Io', 'Saturday', '11', 0, '2021-12-20 13:01:25'),
('ChIJYW7ZL-hJXhMR9ve2dpMf5Io', 'Saturday', '12', 0, '2021-12-20 13:01:25'),
('ChIJYW7ZL-hJXhMR9ve2dpMf5Io', 'Saturday', '13', 0, '2021-12-20 13:01:25'),
('ChIJYW7ZL-hJXhMR9ve2dpMf5Io', 'Saturday', '14', 0, '2021-12-20 13:01:25'),
('ChIJYW7ZL-hJXhMR9ve2dpMf5Io', 'Saturday', '15', 0, '2021-12-20 13:01:25'),
('ChIJYW7ZL-hJXhMR9ve2dpMf5Io', 'Saturday', '16', 0, '2021-12-20 13:01:25'),
('ChIJYW7ZL-hJXhMR9ve2dpMf5Io', 'Saturday', '17', 0, '2021-12-20 13:01:25'),
('ChIJYW7ZL-hJXhMR9ve2dpMf5Io', 'Saturday', '18', 0, '2021-12-20 13:01:25'),
('ChIJYW7ZL-hJXhMR9ve2dpMf5Io', 'Saturday', '19', 0, '2021-12-20 13:01:25'),
('ChIJYW7ZL-hJXhMR9ve2dpMf5Io', 'Saturday', '20', 0, '2021-12-20 13:01:25'),
('ChIJYW7ZL-hJXhMR9ve2dpMf5Io', 'Saturday', '21', 0, '2021-12-20 13:01:25'),
('ChIJYW7ZL-hJXhMR9ve2dpMf5Io', 'Saturday', '22', 0, '2021-12-20 13:01:25'),
('ChIJYW7ZL-hJXhMR9ve2dpMf5Io', 'Saturday', '23', 0, '2021-12-20 13:01:25'),
('ChIJYW7ZL-hJXhMR9ve2dpMf5Io', 'Sunday', '0', 0, '2021-12-20 13:01:25'),
('ChIJYW7ZL-hJXhMR9ve2dpMf5Io', 'Sunday', '1', 0, '2021-12-20 13:01:25'),
('ChIJYW7ZL-hJXhMR9ve2dpMf5Io', 'Sunday', '2', 0, '2021-12-20 13:01:25'),
('ChIJYW7ZL-hJXhMR9ve2dpMf5Io', 'Sunday', '3', 0, '2021-12-20 13:01:25'),
('ChIJYW7ZL-hJXhMR9ve2dpMf5Io', 'Sunday', '4', 0, '2021-12-20 13:01:25'),
('ChIJYW7ZL-hJXhMR9ve2dpMf5Io', 'Sunday', '5', 0, '2021-12-20 13:01:25'),
('ChIJYW7ZL-hJXhMR9ve2dpMf5Io', 'Sunday', '6', 0, '2021-12-20 13:01:25'),
('ChIJYW7ZL-hJXhMR9ve2dpMf5Io', 'Sunday', '7', 0, '2021-12-20 13:01:25'),
('ChIJYW7ZL-hJXhMR9ve2dpMf5Io', 'Sunday', '8', 0, '2021-12-20 13:01:25'),
('ChIJYW7ZL-hJXhMR9ve2dpMf5Io', 'Sunday', '9', 0, '2021-12-20 13:01:25'),
('ChIJYW7ZL-hJXhMR9ve2dpMf5Io', 'Sunday', '10', 0, '2021-12-20 13:01:25'),
('ChIJYW7ZL-hJXhMR9ve2dpMf5Io', 'Sunday', '11', 0, '2021-12-20 13:01:25'),
('ChIJYW7ZL-hJXhMR9ve2dpMf5Io', 'Sunday', '12', 0, '2021-12-20 13:01:25'),
('ChIJYW7ZL-hJXhMR9ve2dpMf5Io', 'Sunday', '13', 0, '2021-12-20 13:01:25'),
('ChIJYW7ZL-hJXhMR9ve2dpMf5Io', 'Sunday', '14', 0, '2021-12-20 13:01:25'),
('ChIJYW7ZL-hJXhMR9ve2dpMf5Io', 'Sunday', '15', 0, '2021-12-20 13:01:25'),
('ChIJYW7ZL-hJXhMR9ve2dpMf5Io', 'Sunday', '16', 0, '2021-12-20 13:01:25'),
('ChIJYW7ZL-hJXhMR9ve2dpMf5Io', 'Sunday', '17', 0, '2021-12-20 13:01:25'),
('ChIJYW7ZL-hJXhMR9ve2dpMf5Io', 'Sunday', '18', 0, '2021-12-20 13:01:25'),
('ChIJYW7ZL-hJXhMR9ve2dpMf5Io', 'Sunday', '19', 0, '2021-12-20 13:01:25'),
('ChIJYW7ZL-hJXhMR9ve2dpMf5Io', 'Sunday', '20', 0, '2021-12-20 13:01:25'),
('ChIJYW7ZL-hJXhMR9ve2dpMf5Io', 'Sunday', '21', 0, '2021-12-20 13:01:25'),
('ChIJYW7ZL-hJXhMR9ve2dpMf5Io', 'Sunday', '22', 0, '2021-12-20 13:01:25'),
('ChIJYW7ZL-hJXhMR9ve2dpMf5Io', 'Sunday', '23', 0, '2021-12-20 13:01:25'),
('ChIJYW7ZL-hJXhMR9ve2dpMf5Io', 'Thursday', '0', 0, '2021-12-20 13:01:25'),
('ChIJYW7ZL-hJXhMR9ve2dpMf5Io', 'Thursday', '1', 0, '2021-12-20 13:01:25'),
('ChIJYW7ZL-hJXhMR9ve2dpMf5Io', 'Thursday', '2', 0, '2021-12-20 13:01:25'),
('ChIJYW7ZL-hJXhMR9ve2dpMf5Io', 'Thursday', '3', 0, '2021-12-20 13:01:25'),
('ChIJYW7ZL-hJXhMR9ve2dpMf5Io', 'Thursday', '4', 0, '2021-12-20 13:01:25'),
('ChIJYW7ZL-hJXhMR9ve2dpMf5Io', 'Thursday', '5', 0, '2021-12-20 13:01:25'),
('ChIJYW7ZL-hJXhMR9ve2dpMf5Io', 'Thursday', '6', 0, '2021-12-20 13:01:25'),
('ChIJYW7ZL-hJXhMR9ve2dpMf5Io', 'Thursday', '7', 10, '2021-12-20 13:01:25'),
('ChIJYW7ZL-hJXhMR9ve2dpMf5Io', 'Thursday', '8', 40, '2021-12-20 13:01:25'),
('ChIJYW7ZL-hJXhMR9ve2dpMf5Io', 'Thursday', '9', 80, '2021-12-20 13:01:25'),
('ChIJYW7ZL-hJXhMR9ve2dpMf5Io', 'Thursday', '10', 97, '2021-12-20 13:01:25'),
('ChIJYW7ZL-hJXhMR9ve2dpMf5Io', 'Thursday', '11', 86, '2021-12-20 13:01:25'),
('ChIJYW7ZL-hJXhMR9ve2dpMf5Io', 'Thursday', '12', 87, '2021-12-20 13:01:25'),
('ChIJYW7ZL-hJXhMR9ve2dpMf5Io', 'Thursday', '13', 85, '2021-12-20 13:01:25'),
('ChIJYW7ZL-hJXhMR9ve2dpMf5Io', 'Thursday', '14', 50, '2021-12-20 13:01:25'),
('ChIJYW7ZL-hJXhMR9ve2dpMf5Io', 'Thursday', '15', 0, '2021-12-20 13:01:25'),
('ChIJYW7ZL-hJXhMR9ve2dpMf5Io', 'Thursday', '16', 0, '2021-12-20 13:01:25'),
('ChIJYW7ZL-hJXhMR9ve2dpMf5Io', 'Thursday', '17', 0, '2021-12-20 13:01:25'),
('ChIJYW7ZL-hJXhMR9ve2dpMf5Io', 'Thursday', '18', 0, '2021-12-20 13:01:25'),
('ChIJYW7ZL-hJXhMR9ve2dpMf5Io', 'Thursday', '19', 0, '2021-12-20 13:01:25'),
('ChIJYW7ZL-hJXhMR9ve2dpMf5Io', 'Thursday', '20', 0, '2021-12-20 13:01:25'),
('ChIJYW7ZL-hJXhMR9ve2dpMf5Io', 'Thursday', '21', 0, '2021-12-20 13:01:25'),
('ChIJYW7ZL-hJXhMR9ve2dpMf5Io', 'Thursday', '22', 0, '2021-12-20 13:01:25'),
('ChIJYW7ZL-hJXhMR9ve2dpMf5Io', 'Thursday', '23', 0, '2021-12-20 13:01:25'),
('ChIJYW7ZL-hJXhMR9ve2dpMf5Io', 'Tuesday', '0', 0, '2021-12-20 13:01:25'),
('ChIJYW7ZL-hJXhMR9ve2dpMf5Io', 'Tuesday', '1', 0, '2021-12-20 13:01:25'),
('ChIJYW7ZL-hJXhMR9ve2dpMf5Io', 'Tuesday', '2', 0, '2021-12-20 13:01:25'),
('ChIJYW7ZL-hJXhMR9ve2dpMf5Io', 'Tuesday', '3', 0, '2021-12-20 13:01:25'),
('ChIJYW7ZL-hJXhMR9ve2dpMf5Io', 'Tuesday', '4', 0, '2021-12-20 13:01:25'),
('ChIJYW7ZL-hJXhMR9ve2dpMf5Io', 'Tuesday', '5', 0, '2021-12-20 13:01:25'),
('ChIJYW7ZL-hJXhMR9ve2dpMf5Io', 'Tuesday', '6', 0, '2021-12-20 13:01:25'),
('ChIJYW7ZL-hJXhMR9ve2dpMf5Io', 'Tuesday', '7', 30, '2021-12-20 13:01:25'),
('ChIJYW7ZL-hJXhMR9ve2dpMf5Io', 'Tuesday', '8', 63, '2021-12-20 13:01:25'),
('ChIJYW7ZL-hJXhMR9ve2dpMf5Io', 'Tuesday', '9', 88, '2021-12-20 13:01:25'),
('ChIJYW7ZL-hJXhMR9ve2dpMf5Io', 'Tuesday', '10', 92, '2021-12-20 13:01:25'),
('ChIJYW7ZL-hJXhMR9ve2dpMf5Io', 'Tuesday', '11', 90, '2021-12-20 13:01:25'),
('ChIJYW7ZL-hJXhMR9ve2dpMf5Io', 'Tuesday', '12', 90, '2021-12-20 13:01:25'),
('ChIJYW7ZL-hJXhMR9ve2dpMf5Io', 'Tuesday', '13', 81, '2021-12-20 13:01:25'),
('ChIJYW7ZL-hJXhMR9ve2dpMf5Io', 'Tuesday', '14', 56, '2021-12-20 13:01:25'),
('ChIJYW7ZL-hJXhMR9ve2dpMf5Io', 'Tuesday', '15', 0, '2021-12-20 13:01:25'),
('ChIJYW7ZL-hJXhMR9ve2dpMf5Io', 'Tuesday', '16', 0, '2021-12-20 13:01:25'),
('ChIJYW7ZL-hJXhMR9ve2dpMf5Io', 'Tuesday', '17', 0, '2021-12-20 13:01:25'),
('ChIJYW7ZL-hJXhMR9ve2dpMf5Io', 'Tuesday', '18', 0, '2021-12-20 13:01:25'),
('ChIJYW7ZL-hJXhMR9ve2dpMf5Io', 'Tuesday', '19', 0, '2021-12-20 13:01:25'),
('ChIJYW7ZL-hJXhMR9ve2dpMf5Io', 'Tuesday', '20', 0, '2021-12-20 13:01:25'),
('ChIJYW7ZL-hJXhMR9ve2dpMf5Io', 'Tuesday', '21', 0, '2021-12-20 13:01:25'),
('ChIJYW7ZL-hJXhMR9ve2dpMf5Io', 'Tuesday', '22', 0, '2021-12-20 13:01:25'),
('ChIJYW7ZL-hJXhMR9ve2dpMf5Io', 'Tuesday', '23', 0, '2021-12-20 13:01:25'),
('ChIJYW7ZL-hJXhMR9ve2dpMf5Io', 'Wednesday', '0', 0, '2021-12-20 13:01:25'),
('ChIJYW7ZL-hJXhMR9ve2dpMf5Io', 'Wednesday', '1', 0, '2021-12-20 13:01:25'),
('ChIJYW7ZL-hJXhMR9ve2dpMf5Io', 'Wednesday', '2', 0, '2021-12-20 13:01:25'),
('ChIJYW7ZL-hJXhMR9ve2dpMf5Io', 'Wednesday', '3', 0, '2021-12-20 13:01:25'),
('ChIJYW7ZL-hJXhMR9ve2dpMf5Io', 'Wednesday', '4', 0, '2021-12-20 13:01:25'),
('ChIJYW7ZL-hJXhMR9ve2dpMf5Io', 'Wednesday', '5', 0, '2021-12-20 13:01:25'),
('ChIJYW7ZL-hJXhMR9ve2dpMf5Io', 'Wednesday', '6', 0, '2021-12-20 13:01:25'),
('ChIJYW7ZL-hJXhMR9ve2dpMf5Io', 'Wednesday', '7', 25, '2021-12-20 13:01:25'),
('ChIJYW7ZL-hJXhMR9ve2dpMf5Io', 'Wednesday', '8', 59, '2021-12-20 13:01:25'),
('ChIJYW7ZL-hJXhMR9ve2dpMf5Io', 'Wednesday', '9', 84, '2021-12-20 13:01:25'),
('ChIJYW7ZL-hJXhMR9ve2dpMf5Io', 'Wednesday', '10', 91, '2021-12-20 13:01:25'),
('ChIJYW7ZL-hJXhMR9ve2dpMf5Io', 'Wednesday', '11', 94, '2021-12-20 13:01:25'),
('ChIJYW7ZL-hJXhMR9ve2dpMf5Io', 'Wednesday', '12', 100, '2021-12-20 13:01:25'),
('ChIJYW7ZL-hJXhMR9ve2dpMf5Io', 'Wednesday', '13', 90, '2021-12-20 13:01:25'),
('ChIJYW7ZL-hJXhMR9ve2dpMf5Io', 'Wednesday', '14', 64, '2021-12-20 13:01:25'),
('ChIJYW7ZL-hJXhMR9ve2dpMf5Io', 'Wednesday', '15', 0, '2021-12-20 13:01:25'),
('ChIJYW7ZL-hJXhMR9ve2dpMf5Io', 'Wednesday', '16', 0, '2021-12-20 13:01:25'),
('ChIJYW7ZL-hJXhMR9ve2dpMf5Io', 'Wednesday', '17', 0, '2021-12-20 13:01:25'),
('ChIJYW7ZL-hJXhMR9ve2dpMf5Io', 'Wednesday', '18', 0, '2021-12-20 13:01:25'),
('ChIJYW7ZL-hJXhMR9ve2dpMf5Io', 'Wednesday', '19', 0, '2021-12-20 13:01:25'),
('ChIJYW7ZL-hJXhMR9ve2dpMf5Io', 'Wednesday', '20', 0, '2021-12-20 13:01:25'),
('ChIJYW7ZL-hJXhMR9ve2dpMf5Io', 'Wednesday', '21', 0, '2021-12-20 13:01:25'),
('ChIJYW7ZL-hJXhMR9ve2dpMf5Io', 'Wednesday', '22', 0, '2021-12-20 13:01:25'),
('ChIJYW7ZL-hJXhMR9ve2dpMf5Io', 'Wednesday', '23', 0, '2021-12-20 13:01:25');

-- --------------------------------------------------------

--
-- Δομή πίνακα για τον πίνακα `user`
--

CREATE TABLE `user` (
  `username` varchar(25) NOT NULL,
  `password` varchar(25) NOT NULL,
  `email` varchar(40) NOT NULL
) ENGINE=InnoDB DEFAULT CHARSET=utf8;

--
-- Άδειασμα δεδομένων του πίνακα `user`
--

INSERT INTO `user` (`username`, `password`, `email`) VALUES
('panagiota', '4321', 'klio@ceid.gr'),
('maria', '1234', 'maria@ceid.gr'),
('niki', '1234', 'niki@gmail.com'),
('sofia', '1234', 'sofia@ceid.gr');

--
-- Ευρετήρια για άχρηστους πίνακες
--

--
-- Ευρετήρια για πίνακα `administrator`
--
ALTER TABLE `administrator`
  ADD PRIMARY KEY (`username`);

--
-- Ευρετήρια για πίνακα `checkin`
--
ALTER TABLE `checkin`
  ADD PRIMARY KEY (`email`,`poi_id`,`checkin_time`);

--
-- Ευρετήρια για πίνακα `covid_case`
--
ALTER TABLE `covid_case`
  ADD PRIMARY KEY (`email`);

--
-- Ευρετήρια για πίνακα `estimate`
--
ALTER TABLE `estimate`
  ADD PRIMARY KEY (`id`,`day`,`hour`);

--
-- Ευρετήρια για πίνακα `poi`
--
ALTER TABLE `poi`
  ADD PRIMARY KEY (`id`);

--
-- Ευρετήρια για πίνακα `pop`
--
ALTER TABLE `pop`
  ADD PRIMARY KEY (`id`,`day`,`hour`);

--
-- Ευρετήρια για πίνακα `user`
--
ALTER TABLE `user`
  ADD PRIMARY KEY (`email`),
  ADD UNIQUE KEY `username` (`username`);
COMMIT;

/*!40101 SET CHARACTER_SET_CLIENT=@OLD_CHARACTER_SET_CLIENT */;
/*!40101 SET CHARACTER_SET_RESULTS=@OLD_CHARACTER_SET_RESULTS */;
/*!40101 SET COLLATION_CONNECTION=@OLD_COLLATION_CONNECTION */;
